retrieved_at,departure_date,origin,destination,airline,departure_at,arrival_at,duration_minutes,price_cents,price_currency
2026-05-01T08:00Z,2026-06-01,AMS,CPH,KLM,2026-06-01T09:30:00,2026-06-01T11:00:00,90,23119,EUR
2026-05-01T08:00Z,2026-06-15,AMS,CPH,KLM,2026-06-15T09:30:00,2026-06-15T11:00:00,90,20956,EUR
2026-05-01T08:00Z,2026-07-01,AMS,CPH,KLM,2026-07-01T09:30:00,2026-07-01T11:00:00,90,20602,EUR
2026-05-01T08:00Z,2026-06-01,AMS,CPH,SAS,2026-06-01T09:30:00,2026-06-01T11:00:00,90,17626,EUR
2026-05-01T08:00Z,2026-06-15,AMS,CPH,SAS,2026-06-15T09:30:00,2026-06-15T11:00:00,90,17503,EUR
2026-05-01T08:00Z,2026-07-01,AMS,CPH,SAS,2026-07-01T09:30:00,2026-07-01T11:00:00,90,17414,EUR
2026-05-01T08:00Z,2026-06-01,AMS,CPH,Norwegian,2026-06-01T09:30:00,2026-06-01T11:00:00,90,13071,EUR
2026-05-01T08:00Z,2026-06-15,AMS,CPH,Norwegian,2026-06-15T09:30:00,2026-06-15T11:00:00,90,12919,EUR
2026-05-01T08:00Z,2026-07-01,AMS,CPH,Norwegian,2026-07-01T09:30:00,2026-07-01T11:00:00,90,15271,EUR
2026-05-01T08:00Z,2026-06-01,CDG,CPH,KLM,2026-06-01T09:30:00,2026-06-01T11:00:00,90,22733,EUR
2026-05-01T08:00Z,2026-06-15,CDG,CPH,KLM,2026-06-15T09:30:00,2026-06-15T11:00:00,90,20856,EUR
2026-05-01T08:00Z,2026-07-01,CDG,CPH,KLM,2026-07-01T09:30:00,2026-07-01T11:00:00,90,22918,EUR
2026-05-01T08:00Z,2026-06-01,CDG,CPH,SAS,2026-06-01T09:30:00,2026-06-01T11:00:00,90,18228,EUR
2026-05-01T08:00Z,2026-06-15,CDG,CPH,SAS,2026-06-15T09:30:00,2026-06-15T11:00:00,90,16630,EUR
2026-05-01T08:00Z,2026-07-01,CDG,CPH,SAS,2026-07-01T09:30:00,2026-07-01T11:00:00,90,16622,EUR
2026-05-01T08:00Z,2026-06-01,CDG,CPH,Norwegian,2026-06-01T09:30:00,2026-06-01T11:00:00,90,12883,EUR
2026-05-01T08:00Z,2026-06-15,CDG,CPH,Norwegian,2026-06-15T09:30:00,2026-06-15T11:00:00,90,13395,EUR
2026-05-01T08:00Z,2026-07-01,CDG,CPH,Norwegian,2026-07-01T09:30:00,2026-07-01T11:00:00,90,13452,EUR
2026-05-01T08:00Z,2026-06-01,LHR,CPH,KLM,2026-06-01T09:30:00,2026-06-01T11:00:00,90,22569,EUR
2026-05-01T08:00Z,2026-06-15,LHR,CPH,KLM,2026-06-15T09:30:00,2026-06-15T11:00:00,90,22965,EUR
2026-05-01T08:00Z,2026-07-01,LHR,CPH,KLM,2026-07-01T09:30:00,2026-07-01T11:00:00,90,20608,EUR
2026-05-01T08:00Z,2026-06-01,LHR,CPH,SAS,2026-06-01T09:30:00,2026-06-01T11:00:00,90,18798,EUR
2026-05-01T08:00Z,2026-06-15,LHR,CPH,SAS,2026-06-15T09:30:00,2026-06-15T11:00:00,90,17314,EUR
2026-05-01T08:00Z,2026-07-01,LHR,CPH,SAS,2026-07-01T09:30:00,2026-07-01T11:00:00,90,19432,EUR
2026-05-01T08:00Z,2026-06-01,LHR,CPH,Norwegian,2026-06-01T09:30:00,2026-06-01T11:00:00,90,15161,EUR
2026-05-01T08:00Z,2026-06-15,LHR,CPH,Norwegian,2026-06-15T09:30:00,2026-06-15T11:00:00,90,15372,EUR
2026-05-01T08:00Z,2026-07-01,LHR,CPH,Norwegian,2026-07-01T09:30:00,2026-07-01T11:00:00,90,14732,EUR
2026-05-01T16:00Z,2026-06-01,AMS,CPH,KLM,2026-06-01T09:30:00,2026-06-01T11:00:00,90,22218,EUR
2026-05-01T16:00Z,2026-06-15,AMS,CPH,KLM,2026-06-15T09:30:00,2026-06-15T11:00:00,90,21402,EUR
2026-05-01T16:00Z,2026-07-01,AMS,CPH,KLM,2026-07-01T09:30:00,2026-07-01T11:00:00,90,22339,EUR
2026-05-01T16:00Z,2026-06-01,AMS,CPH,SAS,2026-06-01T09:30:00,2026-06-01T11:00:00,90,18913,EUR
2026-05-01T16:00Z,2026-06-15,AMS,CPH,SAS,2026-06-15T09:30:00,2026-06-15T11:00:00,90,17639,EUR
2026-05-01T16:00Z,2026-07-01,AMS,CPH,SAS,2026-07-01T09:30:00,2026-07-01T11:00:00,90,16526,EUR
2026-05-01T16:00Z,2026-06-01,AMS,CPH,Norwegian,2026-06-01T09:30:00,2026-06-01T11:00:00,90,13153,EUR
2026-05-01T16:00Z,2026-06-15,AMS,CPH,Norwegian,2026-06-15T09:30:00,2026-06-15T11:00:00,90,15359,EUR
2026-05-01T16:00Z,2026-07-01,AMS,CPH,Norwegian,2026-07-01T09:30:00,2026-07-01T11:00:00,90,14231,EUR
2026-05-01T16:00Z,2026-06-01,CDG,CPH,KLM,2026-06-01T09:30:00,2026-06-01T11:00:00,90,21893,EUR
2026-05-01T16:00Z,2026-06-15,CDG,CPH,KLM,2026-06-15T09:30:00,2026-06-15T11:00:00,90,21638,EUR
2026-05-01T16:00Z,2026-07-01,CDG,CPH,KLM,2026-07-01T09:30:00,2026-07-01T11:00:00,90,21136,EUR
2026-05-01T16:00Z,2026-06-01,CDG,CPH,SAS,2026-06-01T09:30:00,2026-06-01T11:00:00,90,17381,EUR
2026-05-01T16:00Z,2026-06-15,CDG,CPH,SAS,2026-06-15T09:30:00,2026-06-15T11:00:00,90,17878,EUR
2026-05-01T16:00Z,2026-07-01,CDG,CPH,SAS,2026-07-01T09:30:00,2026-07-01T11:00:00,90,16918,EUR
2026-05-01T16:00Z,2026-06-01,CDG,CPH,Norwegian,2026-06-01T09:30:00,2026-06-01T11:00:00,90,12879,EUR
2026-05-01T16:00Z,2026-06-15,CDG,CPH,Norwegian,2026-06-15T09:30:00,2026-06-15T11:00:00,90,14056,EUR
2026-05-01T16:00Z,2026-07-01,CDG,CPH,Norwegian,2026-07-01T09:30:00,2026-07-01T11:00:00,90,12896,EUR
2026-05-01T16:00Z,2026-06-01,LHR,CPH,KLM,2026-06-01T09:30:00,2026-06-01T11:00:00,90,21970,EUR
2026-05-01T16:00Z,2026-06-15,LHR,CPH,KLM,2026-06-15T09:30:00,2026-06-15T11:00:00,90,21908,EUR
2026-05-01T16:00Z,2026-07-01,LHR,CPH,KLM,2026-07-01T09:30:00,2026-07-01T11:00:00,90,22972,EUR
2026-05-01T16:00Z,2026-06-01,LHR,CPH,SAS,2026-06-01T09:30:00,2026-06-01T11:00:00,90,17583,EUR
2026-05-01T16:00Z,2026-06-15,LHR,CPH,SAS,2026-06-15T09:30:00,2026-06-15T11:00:00,90,16677,EUR
2026-05-01T16:00Z,2026-07-01,LHR,CPH,SAS,2026-07-01T09:30:00,2026-07-01T11:00:00,90,19488,EUR
2026-05-01T16:00Z,2026-06-01,LHR,CPH,Norwegian,2026-06-01T09:30:00,2026-06-01T11:00:00,90,14381,EUR
2026-05-01T16:00Z,2026-06-15,LHR,CPH,Norwegian,2026-06-15T09:30:00,2026-06-15T11:00:00,90,14696,EUR
2026-05-01T16:00Z,2026-07-01,LHR,CPH,Norwegian,2026-07-01T09:30:00,2026-07-01T11:00:00,90,13011,EUR
2026-05-02T08:00Z,2026-06-01,AMS,CPH,KLM,2026-06-01T09:30:00,2026-06-01T11:00:00,90,22050,EUR
2026-05-02T08:00Z,2026-06-15,AMS,CPH,KLM,2026-06-15T09:30:00,2026-06-15T11:00:00,90,20822,EUR
2026-05-02T08:00Z,2026-07-01,AMS,CPH,KLM,2026-07-01T09:30:00,2026-07-01T11:00:00,90,22761,EUR
2026-05-02T08:00Z,2026-06-01,AMS,CPH,SAS,2026-06-01T09:30:00,2026-06-01T11:00:00,90,17700,EUR
2026-05-02T08:00Z,2026-06-15,AMS,CPH,SAS,2026-06-15T09:30:00,2026-06-15T11:00:00,90,19074,EUR
2026-05-02T08:00Z,2026-07-01,AMS,CPH,SAS,2026-07-01T09:30:00,2026-07-01T11:00:00,90,19033,EUR
2026-05-02T08:00Z,2026-06-01,AMS,CPH,Norwegian,2026-06-01T09:30:00,2026-06-01T11:00:00,90,13981,EUR
2026-05-02T08:00Z,2026-06-15,AMS,CPH,Norwegian,2026-06-15T09:30:00,2026-06-15T11:00:00,90,14864,EUR
2026-05-02T08:00Z,2026-07-01,AMS,CPH,Norwegian,2026-07-01T09:30:00,2026-07-01T11:00:00,90,13287,EUR
2026-05-02T08:00Z,2026-06-01,CDG,CPH,KLM,2026-06-01T09:30:00,2026-06-01T11:00:00,90,23385,EUR
2026-05-02T08:00Z,2026-06-15,CDG,CPH,KLM,2026-06-15T09:30:00,2026-06-15T11:00:00,90,20784,EUR
2026-05-02T08:00Z,2026-07-01,CDG,CPH,KLM,2026-07-01T09:30:00,2026-07-01T11:00:00,90,20687,EUR
2026-05-02T08:00Z,2026-06-01,CDG,CPH,SAS,2026-06-01T09:30:00,2026-06-01T11:00:00,90,19208,EUR
2026-05-02T08:00Z,2026-06-15,CDG,CPH,SAS,2026-06-15T09:30:00,2026-06-15T11:00:00,90,17433,EUR
2026-05-02T08:00Z,2026-07-01,CDG,CPH,SAS,2026-07-01T09:30:00,2026-07-01T11:00:00,90,17685,EUR
2026-05-02T08:00Z,2026-06-01,CDG,CPH,Norwegian,2026-06-01T09:30:00,2026-06-01T11:00:00,90,12826,EUR
2026-05-02T08:00Z,2026-06-15,CDG,CPH,Norwegian,2026-06-15T09:30:00,2026-06-15T11:00:00,90,13453,EUR
2026-05-02T08:00Z,2026-07-01,CDG,CPH,Norwegian,2026-07-01T09:30:00,2026-07-01T11:00:00,90,12913,EUR
2026-05-02T08:00Z,2026-06-01,LHR,CPH,KLM,2026-06-01T09:30:00,2026-06-01T11:00:00,90,22056,EUR
2026-05-02T08:00Z,2026-06-15,LHR,CPH,KLM,2026-06-15T09:30:00,2026-06-15T11:00:00,90,21638,EUR
2026-05-02T08:00Z,2026-07-01,LHR,CPH,KLM,2026-07-01T09:30:00,2026-07-01T11:00:00,90,22357,EUR
2026-05-02T08:00Z,2026-06-01,LHR,CPH,SAS,2026-06-01T09:30:00,2026-06-01T11:00:00,90,19103,EUR
2026-05-02T08:00Z,2026-06-15,LHR,CPH,SAS,2026-06-15T09:30:00,2026-06-15T11:00:00,90,17994,EUR
2026-05-02T08:00Z,2026-07-01,LHR,CPH,SAS,2026-07-01T09:30:00,2026-07-01T11:00:00,90,17166,EUR
2026-05-02T08:00Z,2026-06-01,LHR,CPH,Norwegian,2026-06-01T09:30:00,2026-06-01T11:00:00,90,14016,EUR
2026-05-02T08:00Z,2026-06-15,LHR,CPH,Norwegian,2026-06-15T09:30:00,2026-06-15T11:00:00,90,13955,EUR
2026-05-02T08:00Z,2026-07-01,LHR,CPH,Norwegian,2026-07-01T09:30:00,2026-07-01T11:00:00,90,13358,EUR
2026-05-02T16:00Z,2026-06-01,AMS,CPH,KLM,2026-06-01T09:30:00,2026-06-01T11:00:00,90,23245,EUR
2026-05-02T16:00Z,2026-06-15,AMS,CPH,KLM,2026-06-15T09:30:00,2026-06-15T11:00:00,90,21593,EUR
2026-05-02T16:00Z,2026-07-01,AMS,CPH,KLM,2026-07-01T09:30:00,2026-07-01T11:00:00,90,23374,EUR
2026-05-02T16:00Z,2026-06-01,AMS,CPH,SAS,2026-06-01T09:30:00,2026-06-01T11:00:00,90,19299,EUR
2026-05-02T16:00Z,2026-06-15,AMS,CPH,SAS,2026-06-15T09:30:00,2026-06-15T11:00:00,90,19154,EUR
2026-05-02T16:00Z,2026-07-01,AMS,CPH,SAS,2026-07-01T09:30:00,2026-07-01T11:00:00,90,16792,EUR
2026-05-02T16:00Z,2026-06-01,AMS,CPH,Norwegian,2026-06-01T09:30:00,2026-06-01T11:00:00,90,14995,EUR
2026-05-02T16:00Z,2026-06-15,AMS,CPH,Norwegian,2026-06-15T09:30:00,2026-06-15T11:00:00,90,15100,EUR
2026-05-02T16:00Z,2026-07-01,AMS,CPH,Norwegian,2026-07-01T09:30:00,2026-07-01T11:00:00,90,13200,EUR
2026-05-02T16:00Z,2026-06-01,CDG,CPH,KLM,2026-06-01T09:30:00,2026-06-01T11:00:00,90,22687,EUR
2026-05-02T16:00Z,2026-06-15,CDG,CPH,KLM,2026-06-15T09:30:00,2026-06-15T11:00:00,90,23486,EUR
2026-05-02T16:00Z,2026-07-01,CDG,CPH,KLM,2026-07-01T09:30:00,2026-07-01T11:00:00,90,21502,EUR
2026-05-02T16:00Z,2026-06-01,CDG,CPH,SAS,2026-06-01T09:30:00,2026-06-01T11:00:00,90,17169,EUR
2026-05-02T16:00Z,2026-06-15,CDG,CPH,SAS,2026-06-15T09:30:00,2026-06-15T11:00:00,90,18393,EUR
2026-05-02T16:00Z,2026-07-01,CDG,CPH,SAS,2026-07-01T09:30:00,2026-07-01T11:00:00,90,18054,EUR
2026-05-02T16:00Z,2026-06-01,CDG,CPH,Norwegian,2026-06-01T09:30:00,2026-06-01T11:00:00,90,13605,EUR
2026-05-02T16:00Z,2026-06-15,CDG,CPH,Norwegian,2026-06-15T09:30:00,2026-06-15T11:00:00,90,15121,EUR
2026-05-02T16:00Z,2026-07-01,CDG,CPH,Norwegian,2026-07-01T09:30:00,2026-07-01T11:00:00,90,15318,EUR
2026-05-02T16:00Z,2026-06-01,LHR,CPH,KLM,2026-06-01T09:30:00,2026-06-01T11:00:00,90,22781,EUR
2026-05-02T16:00Z,2026-06-15,LHR,CPH,KLM,2026-06-15T09:30:00,2026-06-15T11:00:00,90,21399,EUR
2026-05-02T16:00Z,2026-07-01,LHR,CPH,KLM,2026-07-01T09:30:00,2026-07-01T11:00:00,90,23304,EUR
2026-05-02T16:00Z,2026-06-01,LHR,CPH,SAS,2026-06-01T09:30:00,2026-06-01T11:00:00,90,17828,EUR
2026-05-02T16:00Z,2026-06-15,LHR,CPH,SAS,2026-06-15T09:30:00,2026-06-15T11:00:00,90,16729,EUR
2026-05-02T16:00Z,2026-07-01,LHR,CPH,SAS,2026-07-01T09:30:00,2026-07-01T11:00:00,90,17438,EUR
2026-05-02T16:00Z,2026-06-01,LHR,CPH,Norwegian,2026-06-01T09:30:00,2026-06-01T11:00:00,90,12631,EUR
2026-05-02T16:00Z,2026-06-15,LHR,CPH,Norwegian,2026-06-15T09:30:00,2026-06-15T11:00:00,90,13792,EUR
2026-05-02T16:00Z,2026-07-01,LHR,CPH,Norwegian,2026-07-01T09:30:00,2026-07-01T11:00:00,90,14143,EUR
2026-05-03T08:00Z,2026-06-01,AMS,CPH,KLM,2026-06-01T09:30:00,2026-06-01T11:00:00,90,21676,EUR
2026-05-03T08:00Z,2026-06-15,AMS,CPH,KLM,2026-06-15T09:30:00,2026-06-15T11:00:00,90,20771,EUR
2026-05-03T08:00Z,2026-07-01,AMS,CPH,KLM,2026-07-01T09:30:00,2026-07-01T11:00:00,90,21364,EUR
2026-05-03T08:00Z,2026-06-01,AMS,CPH,SAS,2026-06-01T09:30:00,2026-06-01T11:00:00,90,18903,EUR
2026-05-03T08:00Z,2026-06-15,AMS,CPH,SAS,2026-06-15T09:30:00,2026-06-15T11:00:00,90,19440,EUR
2026-05-03T08:00Z,2026-07-01,AMS,CPH,SAS,2026-07-01T09:30:00,2026-07-01T11:00:00,90,17788,EUR
2026-05-03T08:00Z,2026-06-01,AMS,CPH,Norwegian,2026-06-01T09:30:00,2026-06-01T11:00:00,90,13450,EUR
2026-05-03T08:00Z,2026-06-15,AMS,CPH,Norwegian,2026-06-15T09:30:00,2026-06-15T11:00:00,90,15184,EUR
2026-05-03T08:00Z,2026-07-01,AMS,CPH,Norwegian,2026-07-01T09:30:00,2026-07-01T11:00:00,90,14544,EUR
2026-05-03T08:00Z,2026-06-01,CDG,CPH,KLM,2026-06-01T09:30:00,2026-06-01T11:00:00,90,22200,EUR
2026-05-03T08:00Z,2026-06-15,CDG,CPH,KLM,2026-06-15T09:30:00,2026-06-15T11:00:00,90,23133,EUR
2026-05-03T08:00Z,2026-07-01,CDG,CPH,KLM,2026-07-01T09:30:00,2026-07-01T11:00:00,90,22379,EUR
2026-05-03T08:00Z,2026-06-01,CDG,CPH,SAS,2026-06-01T09:30:00,2026-06-01T11:00:00,90,17165,EUR
2026-05-03T08:00Z,2026-06-15,CDG,CPH,SAS,2026-06-15T09:30:00,2026-06-15T11:00:00,90,17584,EUR
2026-05-03T08:00Z,2026-07-01,CDG,CPH,SAS,2026-07-01T09:30:00,2026-07-01T11:00:00,90,17071,EUR
2026-05-03T08:00Z,2026-06-01,CDG,CPH,Norwegian,2026-06-01T09:30:00,2026-06-01T11:00:00,90,13590,EUR
2026-05-03T08:00Z,2026-06-15,CDG,CPH,Norwegian,2026-06-15T09:30:00,2026-06-15T11:00:00,90,14799,EUR
2026-05-03T08:00Z,2026-07-01,CDG,CPH,Norwegian,2026-07-01T09:30:00,2026-07-01T11:00:00,90,14707,EUR
2026-05-03T08:00Z,2026-06-01,LHR,CPH,KLM,2026-06-01T09:30:00,2026-06-01T11:00:00,90,21656,EUR
2026-05-03T08:00Z,2026-06-15,LHR,CPH,KLM,2026-06-15T09:30:00,2026-06-15T11:00:00,90,22894,EUR
2026-05-03T08:00Z,2026-07-01,LHR,CPH,KLM,2026-07-01T09:30:00,2026-07-01T11:00:00,90,22254,EUR
2026-05-03T08:00Z,2026-06-01,LHR,CPH,SAS,2026-06-01T09:30:00,2026-06-01T11:00:00,90,18970,EUR
2026-05-03T08:00Z,2026-06-15,LHR,CPH,SAS,2026-06-15T09:30:00,2026-06-15T11:00:00,90,18135,EUR
2026-05-03T08:00Z,2026-07-01,LHR,CPH,SAS,2026-07-01T09:30:00,2026-07-01T11:00:00,90,17982,EUR
2026-05-03T08:00Z,2026-06-01,LHR,CPH,Norwegian,2026-06-01T09:30:00,2026-06-01T11:00:00,90,13478,EUR
2026-05-03T08:00Z,2026-06-15,LHR,CPH,Norwegian,2026-06-15T09:30:00,2026-06-15T11:00:00,90,13066,EUR
2026-05-03T08:00Z,2026-07-01,LHR,CPH,Norwegian,2026-07-01T09:30:00,2026-07-01T11:00:00,90,14587,EUR
2026-05-03T16:00Z,2026-06-01,AMS,CPH,KLM,2026-06-01T09:30:00,2026-06-01T11:00:00,90,22601,EUR
2026-05-03T16:00Z,2026-06-15,AMS,CPH,KLM,2026-06-15T09:30:00,2026-06-15T11:00:00,90,20872,EUR
2026-05-03T16:00Z,2026-07-01,AMS,CPH,KLM,2026-07-01T09:30:00,2026-07-01T11:00:00,90,20692,EUR
2026-05-03T16:00Z,2026-06-01,AMS,CPH,SAS,2026-06-01T09:30:00,2026-06-01T11:00:00,90,17029,EUR
2026-05-03T16:00Z,2026-06-15,AMS,CPH,SAS,2026-06-15T09:30:00,2026-06-15T11:00:00,90,17126,EUR
2026-05-03T16:00Z,2026-07-01,AMS,CPH,SAS,2026-07-01T09:30:00,2026-07-01T11:00:00,90,19070,EUR
2026-05-03T16:00Z,2026-06-01,AMS,CPH,Norwegian,2026-06-01T09:30:00,2026-06-01T11:00:00,90,13235,EUR
2026-05-03T16:00Z,2026-06-15,AMS,CPH,Norwegian,2026-06-15T09:30:00,2026-06-15T11:00:00,90,15287,EUR
2026-05-03T16:00Z,2026-07-01,AMS,CPH,Norwegian,2026-07-01T09:30:00,2026-07-01T11:00:00,90,14229,EUR
2026-05-03T16:00Z,2026-06-01,CDG,CPH,KLM,2026-06-01T09:30:00,2026-06-01T11:00:00,90,23022,EUR
2026-05-03T16:00Z,2026-06-15,CDG,CPH,KLM,2026-06-15T09:30:00,2026-06-15T11:00:00,90,20760,EUR
2026-05-03T16:00Z,2026-07-01,CDG,CPH,KLM,2026-07-01T09:30:00,2026-07-01T11:00:00,90,22076,EUR
2026-05-03T16:00Z,2026-06-01,CDG,CPH,SAS,2026-06-01T09:30:00,2026-06-01T11:00:00,90,18143,EUR
2026-05-03T16:00Z,2026-06-15,CDG,CPH,SAS,2026-06-15T09:30:00,2026-06-15T11:00:00,90,18940,EUR
2026-05-03T16:00Z,2026-07-01,CDG,CPH,SAS,2026-07-01T09:30:00,2026-07-01T11:00:00,90,18417,EUR
2026-05-03T16:00Z,2026-06-01,CDG,CPH,Norwegian,2026-06-01T09:30:00,2026-06-01T11:00:00,90,14747,EUR
2026-05-03T16:00Z,2026-06-15,CDG,CPH,Norwegian,2026-06-15T09:30:00,2026-06-15T11:00:00,90,13529,EUR
2026-05-03T16:00Z,2026-07-01,CDG,CPH,Norwegian,2026-07-01T09:30:00,2026-07-01T11:00:00,90,14766,EUR
2026-05-03T16:00Z,2026-06-01,LHR,CPH,KLM,2026-06-01T09:30:00,2026-06-01T11:00:00,90,20627,EUR
2026-05-03T16:00Z,2026-06-15,LHR,CPH,KLM,2026-06-15T09:30:00,2026-06-15T11:00:00,90,23286,EUR
2026-05-03T16:00Z,2026-07-01,LHR,CPH,KLM,2026-07-01T09:30:00,2026-07-01T11:00:00,90,23452,EUR
2026-05-03T16:00Z,2026-06-01,LHR,CPH,SAS,2026-06-01T09:30:00,2026-06-01T11:00:00,90,17049,EUR
2026-05-03T16:00Z,2026-06-15,LHR,CPH,SAS,2026-06-15T09:30:00,2026-06-15T11:00:00,90,19292,EUR
2026-05-03T16:00Z,2026-07-01,LHR,CPH,SAS,2026-07-01T09:30:00,2026-07-01T11:00:00,90,18699,EUR
2026-05-03T16:00Z,2026-06-01,LHR,CPH,Norwegian,2026-06-01T09:30:00,2026-06-01T11:00:00,90,13672,EUR
2026-05-03T16:00Z,2026-06-15,LHR,CPH,Norwegian,2026-06-15T09:30:00,2026-06-15T11:00:00,90,15125,EUR
2026-05-03T16:00Z,2026-07-01,LHR,CPH,Norwegian,2026-07-01T09:30:00,2026-07-01T11:00:00,90,13893,EUR
2026-05-04T08:00Z,2026-06-01,AMS,CPH,KLM,2026-06-01T09:30:00,2026-06-01T11:00:00,90,21116,EUR
2026-05-04T08:00Z,2026-06-15,AMS,CPH,KLM,2026-06-15T09:30:00,2026-06-15T11:00:00,90,21702,EUR
2026-05-04T08:00Z,2026-07-01,AMS,CPH,KLM,2026-07-01T09:30:00,2026-07-01T11:00:00,90,22280,EUR
2026-05-04T08:00Z,2026-06-01,AMS,CPH,SAS,2026-06-01T09:30:00,2026-06-01T11:00:00,90,17307,EUR
2026-05-04T08:00Z,2026-06-15,AMS,CPH,SAS,2026-06-15T09:30:00,2026-06-15T11:00:00,90,18358,EUR
2026-05-04T08:00Z,2026-07-01,AMS,CPH,SAS,2026-07-01T09:30:00,2026-07-01T11:00:00,90,16513,EUR
2026-05-04T08:00Z,2026-06-01,AMS,CPH,Norwegian,2026-06-01T09:30:00,2026-06-01T11:00:00,90,15617,EUR
2026-05-04T08:00Z,2026-06-15,AMS,CPH,Norwegian,2026-06-15T09:30:00,2026-06-15T11:00:00,90,15447,EUR
2026-05-04T08:00Z,2026-07-01,AMS,CPH,Norwegian,2026-07-01T09:30:00,2026-07-01T11:00:00,90,13578,EUR
2026-05-04T08:00Z,2026-06-01,CDG,CPH,KLM,2026-06-01T09:30:00,2026-06-01T11:00:00,90,22710,EUR
2026-05-04T08:00Z,2026-06-15,CDG,CPH,KLM,2026-06-15T09:30:00,2026-06-15T11:00:00,90,21231,EUR
2026-05-04T08:00Z,2026-07-01,CDG,CPH,KLM,2026-07-01T09:30:00,2026-07-01T11:00:00,90,22579,EUR
2026-05-04T08:00Z,2026-06-01,CDG,CPH,SAS,2026-06-01T09:30:00,2026-06-01T11:00:00,90,17095,EUR
2026-05-04T08:00Z,2026-06-15,CDG,CPH,SAS,2026-06-15T09:30:00,2026-06-15T11:00:00,90,19061,EUR
2026-05-04T08:00Z,2026-07-01,CDG,CPH,SAS,2026-07-01T09:30:00,2026-07-01T11:00:00,90,17722,EUR
2026-05-04T08:00Z,2026-06-01,CDG,CPH,Norwegian,2026-06-01T09:30:00,2026-06-01T11:00:00,90,15277,EUR
2026-05-04T08:00Z,2026-06-15,CDG,CPH,Norwegian,2026-06-15T09:30:00,2026-06-15T11:00:00,90,14579,EUR
2026-05-04T08:00Z,2026-07-01,CDG,CPH,Norwegian,2026-07-01T09:30:00,2026-07-01T11:00:00,90,14994,EUR
2026-05-04T08:00Z,2026-06-01,LHR,CPH,KLM,2026-06-01T09:30:00,2026-06-01T11:00:00,90,21474,EUR
2026-05-04T08:00Z,2026-06-15,LHR,CPH,KLM,2026-06-15T09:30:00,2026-06-15T11:00:00,90,21126,EUR
2026-05-04T08:00Z,2026-07-01,LHR,CPH,KLM,2026-07-01T09:30:00,2026-07-01T11:00:00,90,22031,EUR
2026-05-04T08:00Z,2026-06-01,LHR,CPH,SAS,2026-06-01T09:30:00,2026-06-01T11:00:00,90,17321,EUR
2026-05-04T08:00Z,2026-06-15,LHR,CPH,SAS,2026-06-15T09:30:00,2026-06-15T11:00:00,90,18709,EUR
2026-05-04T08:00Z,2026-07-01,LHR,CPH,SAS,2026-07-01T09:30:00,2026-07-01T11:00:00,90,18672,EUR
2026-05-04T08:00Z,2026-06-01,LHR,CPH,Norwegian,2026-06-01T09:30:00,2026-06-01T11:00:00,90,12662,EUR
2026-05-04T08:00Z,2026-06-15,LHR,CPH,Norwegian,2026-06-15T09:30:00,2026-06-15T11:00:00,90,14953,EUR
2026-05-04T08:00Z,2026-07-01,LHR,CPH,Norwegian,2026-07-01T09:30:00,2026-07-01T11:00:00,90,13827,EUR
2026-05-04T16:00Z,2026-06-01,AMS,CPH,KLM,2026-06-01T09:30:00,2026-06-01T11:00:00,90,22661,EUR
2026-05-04T16:00Z,2026-06-15,AMS,CPH,KLM,2026-06-15T09:30:00,2026-06-15T11:00:00,90,20579,EUR
2026-05-04T16:00Z,2026-07-01,AMS,CPH,KLM,2026-07-01T09:30:00,2026-07-01T11:00:00,90,20958,EUR
2026-05-04T16:00Z,2026-06-01,AMS,CPH,SAS,2026-06-01T09:30:00,2026-06-01T11:00:00,90,18146,EUR
2026-05-04T16:00Z,2026-06-15,AMS,CPH,SAS,2026-06-15T09:30:00,2026-06-15T11:00:00,90,17759,EUR
2026-05-04T16:00Z,2026-07-01,AMS,CPH,SAS,2026-07-01T09:30:00,2026-07-01T11:00:00,90,17480,EUR
2026-05-04T16:00Z,2026-06-01,AMS,CPH,Norwegian,2026-06-01T09:30:00,2026-06-01T11:00:00,90,12897,EUR
2026-05-04T16:00Z,2026-06-15,AMS,CPH,Norwegian,2026-06-15T09:30:00,2026-06-15T11:00:00,90,13486,EUR
2026-05-04T16:00Z,2026-07-01,AMS,CPH,Norwegian,2026-07-01T09:30:00,2026-07-01T11:00:00,90,14823,EUR
2026-05-04T16:00Z,2026-06-01,CDG,CPH,KLM,2026-06-01T09:30:00,2026-06-01T11:00:00,90,20982,EUR
2026-05-04T16:00Z,2026-06-15,CDG,CPH,KLM,2026-06-15T09:30:00,2026-06-15T11:00:00,90,20850,EUR
2026-05-04T16:00Z,2026-07-01,CDG,CPH,KLM,2026-07-01T09:30:00,2026-07-01T11:00:00,90,23497,EUR
2026-05-04T16:00Z,2026-06-01,CDG,CPH,SAS,2026-06-01T09:30:00,2026-06-01T11:00:00,90,18650,EUR
2026-05-04T16:00Z,2026-06-15,CDG,CPH,SAS,2026-06-15T09:30:00,2026-06-15T11:00:00,90,16783,EUR
2026-05-04T16:00Z,2026-07-01,CDG,CPH,SAS,2026-07-01T09:30:00,2026-07-01T11:00:00,90,18681,EUR
2026-05-04T16:00Z,2026-06-01,CDG,CPH,Norwegian,2026-06-01T09:30:00,2026-06-01T11:00:00,90,13175,EUR
2026-05-04T16:00Z,2026-06-15,CDG,CPH,Norwegian,2026-06-15T09:30:00,2026-06-15T11:00:00,90,13025,EUR
2026-05-04T16:00Z,2026-07-01,CDG,CPH,Norwegian,2026-07-01T09:30:00,2026-07-01T11:00:00,90,15202,EUR
2026-05-04T16:00Z,2026-06-01,LHR,CPH,KLM,2026-06-01T09:30:00,2026-06-01T11:00:00,90,22606,EUR
2026-05-04T16:00Z,2026-06-15,LHR,CPH,KLM,2026-06-15T09:30:00,2026-06-15T11:00:00,90,22751,EUR
2026-05-04T16:00Z,2026-07-01,LHR,CPH,KLM,2026-07-01T09:30:00,2026-07-01T11:00:00,90,21176,EUR
2026-05-04T16:00Z,2026-06-01,LHR,CPH,SAS,2026-06-01T09:30:00,2026-06-01T11:00:00,90,17745,EUR
2026-05-04T16:00Z,2026-06-15,LHR,CPH,SAS,2026-06-15T09:30:00,2026-06-15T11:00:00,90,18661,EUR
2026-05-04T16:00Z,2026-07-01,LHR,CPH,SAS,2026-07-01T09:30:00,2026-07-01T11:00:00,90,18984,EUR
2026-05-04T16:00Z,2026-06-01,LHR,CPH,Norwegian,2026-06-01T09:30:00,2026-06-01T11:00:00,90,14393,EUR
2026-05-04T16:00Z,2026-06-15,LHR,CPH,Norwegian,2026-06-15T09:30:00,2026-06-15T11:00:00,90,13367,EUR
2026-05-04T16:00Z,2026-07-01,LHR,CPH,Norwegian,2026-07-01T09:30:00,2026-07-01T11:00:00,90,14708,EUR
2026-05-05T08:00Z,2026-06-01,AMS,CPH,KLM,2026-06-01T09:30:00,2026-06-01T11:00:00,90,23729,EUR
2026-05-05T08:00Z,2026-06-15,AMS,CPH,KLM,2026-06-15T09:30:00,2026-06-15T11:00:00,90,23325,EUR
2026-05-05T08:00Z,2026-07-01,AMS,CPH,KLM,2026-07-01T09:30:00,2026-07-01T11:00:00,90,21323,EUR
2026-05-05T08:00Z,2026-06-01,AMS,CPH,SAS,2026-06-01T09:30:00,2026-06-01T11:00:00,90,19660,EUR
2026-05-05T08:00Z,2026-06-15,AMS,CPH,SAS,2026-06-15T09:30:00,2026-06-15T11:00:00,90,17776,EUR
2026-05-05T08:00Z,2026-07-01,AMS,CPH,SAS,2026-07-01T09:30:00,2026-07-01T11:00:00,90,18134,EUR
2026-05-05T08:00Z,2026-06-01,AMS,CPH,Norwegian,2026-06-01T09:30:00,2026-06-01T11:00:00,90,15491,EUR
2026-05-05T08:00Z,2026-06-15,AMS,CPH,Norwegian,2026-06-15T09:30:00,2026-06-15T11:00:00,90,15161,EUR
2026-05-05T08:00Z,2026-07-01,AMS,CPH,Norwegian,2026-07-01T09:30:00,2026-07-01T11:00:00,90,14029,EUR
2026-05-05T08:00Z,2026-06-01,CDG,CPH,KLM,2026-06-01T09:30:00,2026-06-01T11:00:00,90,22534,EUR
2026-05-05T08:00Z,2026-06-15,CDG,CPH,KLM,2026-06-15T09:30:00,2026-06-15T11:00:00,90,22619,EUR
2026-05-05T08:00Z,2026-07-01,CDG,CPH,KLM,2026-07-01T09:30:00,2026-07-01T11:00:00,90,22349,EUR
2026-05-05T08:00Z,2026-06-01,CDG,CPH,SAS,2026-06-01T09:30:00,2026-06-01T11:00:00,90,17235,EUR
2026-05-05T08:00Z,2026-06-15,CDG,CPH,SAS,2026-06-15T09:30:00,2026-06-15T11:00:00,90,17515,EUR
2026-05-05T08:00Z,2026-07-01,CDG,CPH,SAS,2026-07-01T09:30:00,2026-07-01T11:00:00,90,17420,EUR
2026-05-05T08:00Z,2026-06-01,CDG,CPH,Norwegian,2026-06-01T09:30:00,2026-06-01T11:00:00,90,13002,EUR
2026-05-05T08:00Z,2026-06-15,CDG,CPH,Norwegian,2026-06-15T09:30:00,2026-06-15T11:00:00,90,13884,EUR
2026-05-05T08:00Z,2026-07-01,CDG,CPH,Norwegian,2026-07-01T09:30:00,2026-07-01T11:00:00,90,12586,EUR
2026-05-05T08:00Z,2026-06-01,LHR,CPH,KLM,2026-06-01T09:30:00,2026-06-01T11:00:00,90,23149,EUR
2026-05-05T08:00Z,2026-06-15,LHR,CPH,KLM,2026-06-15T09:30:00,2026-06-15T11:00:00,90,22768,EUR
2026-05-05T08:00Z,2026-07-01,LHR,CPH,KLM,2026-07-01T09:30:00,2026-07-01T11:00:00,90,21442,EUR
2026-05-05T08:00Z,2026-06-01,LHR,CPH,SAS,2026-06-01T09:30:00,2026-06-01T11:00:00,90,19150,EUR
2026-05-05T08:00Z,2026-06-15,LHR,CPH,SAS,2026-06-15T09:30:00,2026-06-15T11:00:00,90,17402,EUR
2026-05-05T08:00Z,2026-07-01,LHR,CPH,SAS,2026-07-01T09:30:00,2026-07-01T11:00:00,90,16529,EUR
2026-05-05T08:00Z,2026-06-01,LHR,CPH,Norwegian,2026-06-01T09:30:00,2026-06-01T11:00:00,90,13030,EUR
2026-05-05T08:00Z,2026-06-15,LHR,CPH,Norwegian,2026-06-15T09:30:00,2026-06-15T11:00:00,90,15399,EUR
2026-05-05T08:00Z,2026-07-01,LHR,CPH,Norwegian,2026-07-01T09:30:00,2026-07-01T11:00:00,90,15084,EUR
2026-05-05T16:00Z,2026-06-01,AMS,CPH,KLM,2026-06-01T09:30:00,2026-06-01T11:00:00,90,20981,EUR
2026-05-05T16:00Z,2026-06-15,AMS,CPH,KLM,2026-06-15T09:30:00,2026-06-15T11:00:00,90,21437,EUR
2026-05-05T16:00Z,2026-07-01,AMS,CPH,KLM,2026-07-01T09:30:00,2026-07-01T11:00:00,90,20776,EUR
2026-05-05T16:00Z,2026-06-01,AMS,CPH,SAS,2026-06-01T09:30:00,2026-06-01T11:00:00,90,16868,EUR
2026-05-05T16:00Z,2026-06-15,AMS,CPH,SAS,2026-06-15T09:30:00,2026-06-15T11:00:00,90,17853,EUR
2026-05-05T16:00Z,2026-07-01,AMS,CPH,SAS,2026-07-01T09:30:00,2026-07-01T11:00:00,90,16790,EUR
2026-05-05T16:00Z,2026-06-01,AMS,CPH,Norwegian,2026-06-01T09:30:00,2026-06-01T11:00:00,90,14845,EUR
2026-05-05T16:00Z,2026-06-15,AMS,CPH,Norwegian,2026-06-15T09:30:00,2026-06-15T11:00:00,90,13474,EUR
2026-05-05T16:00Z,2026-07-01,AMS,CPH,Norwegian,2026-07-01T09:30:00,2026-07-01T11:00:00,90,13640,EUR
2026-05-05T16:00Z,2026-06-01,CDG,CPH,KLM,2026-06-01T09:30:00,2026-06-01T11:00:00,90,23480,EUR
2026-05-05T16:00Z,2026-06-15,CDG,CPH,KLM,2026-06-15T09:30:00,2026-06-15T11:00:00,90,22488,EUR
2026-05-05T16:00Z,2026-07-01,CDG,CPH,KLM,2026-07-01T09:30:00,2026-07-01T11:00:00,90,21377,EUR
2026-05-05T16:00Z,2026-06-01,CDG,CPH,SAS,2026-06-01T09:30:00,2026-06-01T11:00:00,90,18948,EUR
2026-05-05T16:00Z,2026-06-15,CDG,CPH,SAS,2026-06-15T09:30:00,2026-06-15T11:00:00,90,17041,EUR
2026-05-05T16:00Z,2026-07-01,CDG,CPH,SAS,2026-07-01T09:30:00,2026-07-01T11:00:00,90,19462,EUR
2026-05-05T16:00Z,2026-06-01,CDG,CPH,Norwegian,2026-06-01T09:30:00,2026-06-01T11:00:00,90,15078,EUR
2026-05-05T16:00Z,2026-06-15,CDG,CPH,Norwegian,2026-06-15T09:30:00,2026-06-15T11:00:00,90,14860,EUR
2026-05-05T16:00Z,2026-07-01,CDG,CPH,Norwegian,2026-07-01T09:30:00,2026-07-01T11:00:00,90,14436,EUR
2026-05-05T16:00Z,2026-06-01,LHR,CPH,KLM,2026-06-01T09:30:00,2026-06-01T11:00:00,90,21735,EUR
2026-05-05T16:00Z,2026-06-15,LHR,CPH,KLM,2026-06-15T09:30:00,2026-06-15T11:00:00,90,22437,EUR
2026-05-05T16:00Z,2026-07-01,LHR,CPH,KLM,2026-07-01T09:30:00,2026-07-01T11:00:00,90,22167,EUR
2026-05-05T16:00Z,2026-06-01,LHR,CPH,SAS,2026-06-01T09:30:00,2026-06-01T11:00:00,90,17519,EUR
2026-05-05T16:00Z,2026-06-15,LHR,CPH,SAS,2026-06-15T09:30:00,2026-06-15T11:00:00,90,16886,EUR
2026-05-05T16:00Z,2026-07-01,LHR,CPH,SAS,2026-07-01T09:30:00,2026-07-01T11:00:00,90,16897,EUR
2026-05-05T16:00Z,2026-06-01,LHR,CPH,Norwegian,2026-06-01T09:30:00,2026-06-01T11:00:00,90,15439,EUR
2026-05-05T16:00Z,2026-06-15,LHR,CPH,Norwegian,2026-06-15T09:30:00,2026-06-15T11:00:00,90,14265,EUR
2026-05-05T16:00Z,2026-07-01,LHR,CPH,Norwegian,2026-07-01T09:30:00,2026-07-01T11:00:00,90,13951,EUR
2026-05-06T08:00Z,2026-06-01,AMS,CPH,KLM,2026-06-01T09:30:00,2026-06-01T11:00:00,90,22554,EUR
2026-05-06T08:00Z,2026-06-15,AMS,CPH,KLM,2026-06-15T09:30:00,2026-06-15T11:00:00,90,22183,EUR
2026-05-06T08:00Z,2026-07-01,AMS,CPH,KLM,2026-07-01T09:30:00,2026-07-01T11:00:00,90,22412,EUR
2026-05-06T08:00Z,2026-06-01,AMS,CPH,SAS,2026-06-01T09:30:00,2026-06-01T11:00:00,90,19806,EUR
2026-05-06T08:00Z,2026-06-15,AMS,CPH,SAS,2026-06-15T09:30:00,2026-06-15T11:00:00,90,16721,EUR
2026-05-06T08:00Z,2026-07-01,AMS,CPH,SAS,2026-07-01T09:30:00,2026-07-01T11:00:00,90,19258,EUR
2026-05-06T08:00Z,2026-06-01,AMS,CPH,Norwegian,2026-06-01T09:30:00,2026-06-01T11:00:00,90,15496,EUR
2026-05-06T08:00Z,2026-06-15,AMS,CPH,Norwegian,2026-06-15T09:30:00,2026-06-15T11:00:00,90,15146,EUR
2026-05-06T08:00Z,2026-07-01,AMS,CPH,Norwegian,2026-07-01T09:30:00,2026-07-01T11:00:00,90,12903,EUR
2026-05-06T08:00Z,2026-06-01,CDG,CPH,KLM,2026-06-01T09:30:00,2026-06-01T11:00:00,90,21068,EUR
2026-05-06T08:00Z,2026-06-15,CDG,CPH,KLM,2026-06-15T09:30:00,2026-06-15T11:00:00,90,22149,EUR
2026-05-06T08:00Z,2026-07-01,CDG,CPH,KLM,2026-07-01T09:30:00,2026-07-01T11:00:00,90,23482,EUR
2026-05-06T08:00Z,2026-06-01,CDG,CPH,SAS,2026-06-01T09:30:00,2026-06-01T11:00:00,90,18209,EUR
2026-05-06T08:00Z,2026-06-15,CDG,CPH,SAS,2026-06-15T09:30:00,2026-06-15T11:00:00,90,16947,EUR
2026-05-06T08:00Z,2026-07-01,CDG,CPH,SAS,2026-07-01T09:30:00,2026-07-01T11:00:00,90,17518,EUR
2026-05-06T08:00Z,2026-06-01,CDG,CPH,Norwegian,2026-06-01T09:30:00,2026-06-01T11:00:00,90,13604,EUR
2026-05-06T08:00Z,2026-06-15,CDG,CPH,Norwegian,2026-06-15T09:30:00,2026-06-15T11:00:00,90,13279,EUR
2026-05-06T08:00Z,2026-07-01,CDG,CPH,Norwegian,2026-07-01T09:30:00,2026-07-01T11:00:00,90,14696,EUR
2026-05-06T08:00Z,2026-06-01,LHR,CPH,KLM,2026-06-01T09:30:00,2026-06-01T11:00:00,90,22657,EUR
2026-05-06T08:00Z,2026-06-15,LHR,CPH,KLM,2026-06-15T09:30:00,2026-06-15T11:00:00,90,21074,EUR
2026-05-06T08:00Z,2026-07-01,LHR,CPH,KLM,2026-07-01T09:30:00,2026-07-01T11:00:00,90,22228,EUR
2026-05-06T08:00Z,2026-06-01,LHR,CPH,SAS,2026-06-01T09:30:00,2026-06-01T11:00:00,90,17571,EUR
2026-05-06T08:00Z,2026-06-15,LHR,CPH,SAS,2026-06-15T09:30:00,2026-06-15T11:00:00,90,17640,EUR
2026-05-06T08:00Z,2026-07-01,LHR,CPH,SAS,2026-07-01T09:30:00,2026-07-01T11:00:00,90,18394,EUR
2026-05-06T08:00Z,2026-06-01,LHR,CPH,Norwegian,2026-06-01T09:30:00,2026-06-01T11:00:00,90,13843,EUR
2026-05-06T08:00Z,2026-06-15,LHR,CPH,Norwegian,2026-06-15T09:30:00,2026-06-15T11:00:00,90,12808,EUR
2026-05-06T08:00Z,2026-07-01,LHR,CPH,Norwegian,2026-07-01T09:30:00,2026-07-01T11:00:00,90,14315,EUR
2026-05-06T16:00Z,2026-06-01,AMS,CPH,KLM,2026-06-01T09:30:00,2026-06-01T11:00:00,90,23074,EUR
2026-05-06T16:00Z,2026-06-15,AMS,CPH,KLM,2026-06-15T09:30:00,2026-06-15T11:00:00,90,20901,EUR
2026-05-06T16:00Z,2026-07-01,AMS,CPH,KLM,2026-07-01T09:30:00,2026-07-01T11:00:00,90,20707,EUR
2026-05-06T16:00Z,2026-06-01,AMS,CPH,SAS,2026-06-01T09:30:00,2026-06-01T11:00:00,90,19491,EUR
2026-05-06T16:00Z,2026-06-15,AMS,CPH,SAS,2026-06-15T09:30:00,2026-06-15T11:00:00,90,18714,EUR
2026-05-06T16:00Z,2026-07-01,AMS,CPH,SAS,2026-07-01T09:30:00,2026-07-01T11:00:00,90,16560,EUR
2026-05-06T16:00Z,2026-06-01,AMS,CPH,Norwegian,2026-06-01T09:30:00,2026-06-01T11:00:00,90,13202,EUR
2026-05-06T16:00Z,2026-06-15,AMS,CPH,Norwegian,2026-06-15T09:30:00,2026-06-15T11:00:00,90,13468,EUR
2026-05-06T16:00Z,2026-07-01,AMS,CPH,Norwegian,2026-07-01T09:30:00,2026-07-01T11:00:00,90,13181,EUR
2026-05-06T16:00Z,2026-06-01,CDG,CPH,KLM,2026-06-01T09:30:00,2026-06-01T11:00:00,90,22484,EUR
2026-05-06T16:00Z,2026-06-15,CDG,CPH,KLM,2026-06-15T09:30:00,2026-06-15T11:00:00,90,22489,EUR
2026-05-06T16:00Z,2026-07-01,CDG,CPH,KLM,2026-07-01T09:30:00,2026-07-01T11:00:00,90,22471,EUR
2026-05-06T16:00Z,2026-06-01,CDG,CPH,SAS,2026-06-01T09:30:00,2026-06-01T11:00:00,90,17695,EUR
2026-05-06T16:00Z,2026-06-15,CDG,CPH,SAS,2026-06-15T09:30:00,2026-06-15T11:00:00,90,18142,EUR
2026-05-06T16:00Z,2026-07-01,CDG,CPH,SAS,2026-07-01T09:30:00,2026-07-01T11:00:00,90,16740,EUR
2026-05-06T16:00Z,2026-06-01,CDG,CPH,Norwegian,2026-06-01T09:30:00,2026-06-01T11:00:00,90,13494,EUR
2026-05-06T16:00Z,2026-06-15,CDG,CPH,Norwegian,2026-06-15T09:30:00,2026-06-15T11:00:00,90,14052,EUR
2026-05-06T16:00Z,2026-07-01,CDG,CPH,Norwegian,2026-07-01T09:30:00,2026-07-01T11:00:00,90,12508,EUR
2026-05-06T16:00Z,2026-06-01,LHR,CPH,KLM,2026-06-01T09:30:00,2026-06-01T11:00:00,90,22419,EUR
2026-05-06T16:00Z,2026-06-15,LHR,CPH,KLM,2026-06-15T09:30:00,2026-06-15T11:00:00,90,21586,EUR
2026-05-06T16:00Z,2026-07-01,LHR,CPH,KLM,2026-07-01T09:30:00,2026-07-01T11:00:00,90,22363,EUR
2026-05-06T16:00Z,2026-06-01,LHR,CPH,SAS,2026-06-01T09:30:00,2026-06-01T11:00:00,90,17988,EUR
2026-05-06T16:00Z,2026-06-15,LHR,CPH,SAS,2026-06-15T09:30:00,2026-06-15T11:00:00,90,18232,EUR
2026-05-06T16:00Z,2026-07-01,LHR,CPH,SAS,2026-07-01T09:30:00,2026-07-01T11:00:00,90,19353,EUR
2026-05-06T16:00Z,2026-06-01,LHR,CPH,Norwegian,2026-06-01T09:30:00,2026-06-01T11:00:00,90,15812,EUR
2026-05-06T16:00Z,2026-06-15,LHR,CPH,Norwegian,2026-06-15T09:30:00,2026-06-15T11:00:00,90,14776,EUR
2026-05-06T16:00Z,2026-07-01,LHR,CPH,Norwegian,2026-07-01T09:30:00,2026-07-01T11:00:00,90,15211,EUR
2026-05-07T08:00Z,2026-06-01,AMS,CPH,KLM,2026-06-01T09:30:00,2026-06-01T11:00:00,90,23842,EUR
2026-05-07T08:00Z,2026-06-15,AMS,CPH,KLM,2026-06-15T09:30:00,2026-06-15T11:00:00,90,22493,EUR
2026-05-07T08:00Z,2026-07-01,AMS,CPH,KLM,2026-07-01T09:30:00,2026-07-01T11:00:00,90,21134,EUR
2026-05-07T08:00Z,2026-06-01,AMS,CPH,SAS,2026-06-01T09:30:00,2026-06-01T11:00:00,90,17677,EUR
2026-05-07T08:00Z,2026-06-15,AMS,CPH,SAS,2026-06-15T09:30:00,2026-06-15T11:00:00,90,17715,EUR
2026-05-07T08:00Z,2026-07-01,AMS,CPH,SAS,2026-07-01T09:30:00,2026-07-01T11:00:00,90,17391,EUR
2026-05-07T08:00Z,2026-06-01,AMS,CPH,Norwegian,2026-06-01T09:30:00,2026-06-01T11:00:00,90,13139,EUR
2026-05-07T08:00Z,2026-06-15,AMS,CPH,Norwegian,2026-06-15T09:30:00,2026-06-15T11:00:00,90,14872,EUR
2026-05-07T08:00Z,2026-07-01,AMS,CPH,Norwegian,2026-07-01T09:30:00,2026-07-01T11:00:00,90,14720,EUR
2026-05-07T08:00Z,2026-06-01,CDG,CPH,KLM,2026-06-01T09:30:00,2026-06-01T11:00:00,90,21149,EUR
2026-05-07T08:00Z,2026-06-15,CDG,CPH,KLM,2026-06-15T09:30:00,2026-06-15T11:00:00,90,21784,EUR
2026-05-07T08:00Z,2026-07-01,CDG,CPH,KLM,2026-07-01T09:30:00,2026-07-01T11:00:00,90,20734,EUR
2026-05-07T08:00Z,2026-06-01,CDG,CPH,SAS,2026-06-01T09:30:00,2026-06-01T11:00:00,90,17105,EUR
2026-05-07T08:00Z,2026-06-15,CDG,CPH,SAS,2026-06-15T09:30:00,2026-06-15T11:00:00,90,18892,EUR
2026-05-07T08:00Z,2026-07-01,CDG,CPH,SAS,2026-07-01T09:30:00,2026-07-01T11:00:00,90,18452,EUR
2026-05-07T08:00Z,2026-06-01,CDG,CPH,Norwegian,2026-06-01T09:30:00,2026-06-01T11:00:00,90,14959,EUR
2026-05-07T08:00Z,2026-06-15,CDG,CPH,Norwegian,2026-06-15T09:30:00,2026-06-15T11:00:00,90,14675,EUR
2026-05-07T08:00Z,2026-07-01,CDG,CPH,Norwegian,2026-07-01T09:30:00,2026-07-01T11:00:00,90,13144,EUR
2026-05-07T08:00Z,2026-06-01,LHR,CPH,KLM,2026-06-01T09:30:00,2026-06-01T11:00:00,90,21132,EUR
2026-05-07T08:00Z,2026-06-15,LHR,CPH,KLM,2026-06-15T09:30:00,2026-06-15T11:00:00,90,22580,EUR
2026-05-07T08:00Z,2026-07-01,LHR,CPH,KLM,2026-07-01T09:30:00,2026-07-01T11:00:00,90,20828,EUR
2026-05-07T08:00Z,2026-06-01,LHR,CPH,SAS,2026-06-01T09:30:00,2026-06-01T11:00:00,90,17661,EUR
2026-05-07T08:00Z,2026-06-15,LHR,CPH,SAS,2026-06-15T09:30:00,2026-06-15T11:00:00,90,16780,EUR
2026-05-07T08:00Z,2026-07-01,LHR,CPH,SAS,2026-07-01T09:30:00,2026-07-01T11:00:00,90,18937,EUR
2026-05-07T08:00Z,2026-06-01,LHR,CPH,Norwegian,2026-06-01T09:30:00,2026-06-01T11:00:00,90,13178,EUR
2026-05-07T08:00Z,2026-06-15,LHR,CPH,Norwegian,2026-06-15T09:30:00,2026-06-15T11:00:00,90,15265,EUR
2026-05-07T08:00Z,2026-07-01,LHR,CPH,Norwegian,2026-07-01T09:30:00,2026-07-01T11:00:00,90,13463,EUR
2026-05-07T16:00Z,2026-06-01,AMS,CPH,KLM,2026-06-01T09:30:00,2026-06-01T11:00:00,90,22553,EUR
2026-05-07T16:00Z,2026-06-15,AMS,CPH,KLM,2026-06-15T09:30:00,2026-06-15T11:00:00,90,20991,EUR
2026-05-07T16:00Z,2026-07-01,AMS,CPH,KLM,2026-07-01T09:30:00,2026-07-01T11:00:00,90,22833,EUR
2026-05-07T16:00Z,2026-06-01,AMS,CPH,SAS,2026-06-01T09:30:00,2026-06-01T11:00:00,90,17908,EUR
2026-05-07T16:00Z,2026-06-15,AMS,CPH,SAS,2026-06-15T09:30:00,2026-06-15T11:00:00,90,18871,EUR
2026-05-07T16:00Z,2026-07-01,AMS,CPH,SAS,2026-07-01T09:30:00,2026-07-01T11:00:00,90,18935,EUR
2026-05-07T16:00Z,2026-06-01,AMS,CPH,Norwegian,2026-06-01T09:30:00,2026-06-01T11:00:00,90,13062,EUR
2026-05-07T16:00Z,2026-06-15,AMS,CPH,Norwegian,2026-06-15T09:30:00,2026-06-15T11:00:00,90,15036,EUR
2026-05-07T16:00Z,2026-07-01,AMS,CPH,Norwegian,2026-07-01T09:30:00,2026-07-01T11:00:00,90,12835,EUR
2026-05-07T16:00Z,2026-06-01,CDG,CPH,KLM,2026-06-01T09:30:00,2026-06-01T11:00:00,90,22617,EUR
2026-05-07T16:00Z,2026-06-15,CDG,CPH,KLM,2026-06-15T09:30:00,2026-06-15T11:00:00,90,23192,EUR
2026-05-07T16:00Z,2026-07-01,CDG,CPH,KLM,2026-07-01T09:30:00,2026-07-01T11:00:00,90,22890,EUR
2026-05-07T16:00Z,2026-06-01,CDG,CPH,SAS,2026-06-01T09:30:00,2026-06-01T11:00:00,90,19215,EUR
2026-05-07T16:00Z,2026-06-15,CDG,CPH,SAS,2026-06-15T09:30:00,2026-06-15T11:00:00,90,18641,EUR
2026-05-07T16:00Z,2026-07-01,CDG,CPH,SAS,2026-07-01T09:30:00,2026-07-01T11:00:00,90,17795,EUR
2026-05-07T16:00Z,2026-06-01,CDG,CPH,Norwegian,2026-06-01T09:30:00,2026-06-01T11:00:00,90,13968,EUR
2026-05-07T16:00Z,2026-06-15,CDG,CPH,Norwegian,2026-06-15T09:30:00,2026-06-15T11:00:00,90,13336,EUR
2026-05-07T16:00Z,2026-07-01,CDG,CPH,Norwegian,2026-07-01T09:30:00,2026-07-01T11:00:00,90,15243,EUR
2026-05-07T16:00Z,2026-06-01,LHR,CPH,KLM,2026-06-01T09:30:00,2026-06-01T11:00:00,90,23833,EUR
2026-05-07T16:00Z,2026-06-15,LHR,CPH,KLM,2026-06-15T09:30:00,2026-06-15T11:00:00,90,21786,EUR
2026-05-07T16:00Z,2026-07-01,LHR,CPH,KLM,2026-07-01T09:30:00,2026-07-01T11:00:00,90,21477,EUR
2026-05-07T16:00Z,2026-06-01,LHR,CPH,SAS,2026-06-01T09:30:00,2026-06-01T11:00:00,90,17987,EUR
2026-05-07T16:00Z,2026-06-15,LHR,CPH,SAS,2026-06-15T09:30:00,2026-06-15T11:00:00,90,18121,EUR
2026-05-07T16:00Z,2026-07-01,LHR,CPH,SAS,2026-07-01T09:30:00,2026-07-01T11:00:00,90,17036,EUR
2026-05-07T16:00Z,2026-06-01,LHR,CPH,Norwegian,2026-06-01T09:30:00,2026-06-01T11:00:00,90,15651,EUR
2026-05-07T16:00Z,2026-06-15,LHR,CPH,Norwegian,2026-06-15T09:30:00,2026-06-15T11:00:00,90,15143,EUR
2026-05-07T16:00Z,2026-07-01,LHR,CPH,Norwegian,2026-07-01T09:30:00,2026-07-01T11:00:00,90,13728,EUR
2026-05-08T08:00Z,2026-06-01,AMS,CPH,KLM,2026-06-01T09:30:00,2026-06-01T11:00:00,90,22852,EUR
2026-05-08T08:00Z,2026-06-15,AMS,CPH,KLM,2026-06-15T09:30:00,2026-06-15T11:00:00,90,21795,EUR
2026-05-08T08:00Z,2026-07-01,AMS,CPH,KLM,2026-07-01T09:30:00,2026-07-01T11:00:00,90,20797,EUR
2026-05-08T08:00Z,2026-06-01,AMS,CPH,SAS,2026-06-01T09:30:00,2026-06-01T11:00:00,90,17018,EUR
2026-05-08T08:00Z,2026-06-15,AMS,CPH,SAS,2026-06-15T09:30:00,2026-06-15T11:00:00,90,18377,EUR
2026-05-08T08:00Z,2026-07-01,AMS,CPH,SAS,2026-07-01T09:30:00,2026-07-01T11:00:00,90,19044,EUR
2026-05-08T08:00Z,2026-06-01,AMS,CPH,Norwegian,2026-06-01T09:30:00,2026-06-01T11:00:00,90,15286,EUR
2026-05-08T08:00Z,2026-06-15,AMS,CPH,Norwegian,2026-06-15T09:30:00,2026-06-15T11:00:00,90,12909,EUR
2026-05-08T08:00Z,2026-07-01,AMS,CPH,Norwegian,2026-07-01T09:30:00,2026-07-01T11:00:00,90,12800,EUR
2026-05-08T08:00Z,2026-06-01,CDG,CPH,KLM,2026-06-01T09:30:00,2026-06-01T11:00:00,90,23182,EUR
2026-05-08T08:00Z,2026-06-15,CDG,CPH,KLM,2026-06-15T09:30:00,2026-06-15T11:00:00,90,21373,EUR
2026-05-08T08:00Z,2026-07-01,CDG,CPH,KLM,2026-07-01T09:30:00,2026-07-01T11:00:00,90,22572,EUR
2026-05-08T08:00Z,2026-06-01,CDG,CPH,SAS,2026-06-01T09:30:00,2026-06-01T11:00:00,90,18066,EUR
2026-05-08T08:00Z,2026-06-15,CDG,CPH,SAS,2026-06-15T09:30:00,2026-06-15T11:00:00,90,17042,EUR
2026-05-08T08:00Z,2026-07-01,CDG,CPH,SAS,2026-07-01T09:30:00,2026-07-01T11:00:00,90,17929,EUR
2026-05-08T08:00Z,2026-06-01,CDG,CPH,Norwegian,2026-06-01T09:30:00,2026-06-01T11:00:00,90,13261,EUR
2026-05-08T08:00Z,2026-06-15,CDG,CPH,Norwegian,2026-06-15T09:30:00,2026-06-15T11:00:00,90,13500,EUR
2026-05-08T08:00Z,2026-07-01,CDG,CPH,Norwegian,2026-07-01T09:30:00,2026-07-01T11:00:00,90,14013,EUR
2026-05-08T08:00Z,2026-06-01,LHR,CPH,KLM,2026-06-01T09:30:00,2026-06-01T11:00:00,90,22147,EUR
2026-05-08T08:00Z,2026-06-15,LHR,CPH,KLM,2026-06-15T09:30:00,2026-06-15T11:00:00,90,21146,EUR
2026-05-08T08:00Z,2026-07-01,LHR,CPH,KLM,2026-07-01T09:30:00,2026-07-01T11:00:00,90,22294,EUR
2026-05-08T08:00Z,2026-06-01,LHR,CPH,SAS,2026-06-01T09:30:00,2026-06-01T11:00:00,90,19205,EUR
2026-05-08T08:00Z,2026-06-15,LHR,CPH,SAS,2026-06-15T09:30:00,2026-06-15T11:00:00,90,19381,EUR
2026-05-08T08:00Z,2026-07-01,LHR,CPH,SAS,2026-07-01T09:30:00,2026-07-01T11:00:00,90,17739,EUR
2026-05-08T08:00Z,2026-06-01,LHR,CPH,Norwegian,2026-06-01T09:30:00,2026-06-01T11:00:00,90,15485,EUR
2026-05-08T08:00Z,2026-06-15,LHR,CPH,Norwegian,2026-06-15T09:30:00,2026-06-15T11:00:00,90,15178,EUR
2026-05-08T08:00Z,2026-07-01,LHR,CPH,Norwegian,2026-07-01T09:30:00,2026-07-01T11:00:00,90,14666,EUR
2026-05-08T16:00Z,2026-06-01,AMS,CPH,KLM,2026-06-01T09:30:00,2026-06-01T11:00:00,90,21012,EUR
2026-05-08T16:00Z,2026-06-15,AMS,CPH,KLM,2026-06-15T09:30:00,2026-06-15T11:00:00,90,23235,EUR
2026-05-08T16:00Z,2026-07-01,AMS,CPH,KLM,2026-07-01T09:30:00,2026-07-01T11:00:00,90,22771,EUR
2026-05-08T16:00Z,2026-06-01,AMS,CPH,SAS,2026-06-01T09:30:00,2026-06-01T11:00:00,90,18206,EUR
2026-05-08T16:00Z,2026-06-15,AMS,CPH,SAS,2026-06-15T09:30:00,2026-06-15T11:00:00,90,19217,EUR
2026-05-08T16:00Z,2026-07-01,AMS,CPH,SAS,2026-07-01T09:30:00,2026-07-01T11:00:00,90,16924,EUR
2026-05-08T16:00Z,2026-06-01,AMS,CPH,Norwegian,2026-06-01T09:30:00,2026-06-01T11:00:00,90,13530,EUR
2026-05-08T16:00Z,2026-06-15,AMS,CPH,Norwegian,2026-06-15T09:30:00,2026-06-15T11:00:00,90,13583,EUR
2026-05-08T16:00Z,2026-07-01,AMS,CPH,Norwegian,2026-07-01T09:30:00,2026-07-01T11:00:00,90,12972,EUR
2026-05-08T16:00Z,2026-06-01,CDG,CPH,KLM,2026-06-01T09:30:00,2026-06-01T11:00:00,90,21418,EUR
2026-05-08T16:00Z,2026-06-15,CDG,CPH,KLM,2026-06-15T09:30:00,2026-06-15T11:00:00,90,22766,EUR
2026-05-08T16:00Z,2026-07-01,CDG,CPH,KLM,2026-07-01T09:30:00,2026-07-01T11:00:00,90,21136,EUR
2026-05-08T16:00Z,2026-06-01,CDG,CPH,SAS,2026-06-01T09:30:00,2026-06-01T11:00:00,90,18095,EUR
2026-05-08T16:00Z,2026-06-15,CDG,CPH,SAS,2026-06-15T09:30:00,2026-06-15T11:00:00,90,17654,EUR
2026-05-08T16:00Z,2026-07-01,CDG,CPH,SAS,2026-07-01T09:30:00,2026-07-01T11:00:00,90,18977,EUR
2026-05-08T16:00Z,2026-06-01,CDG,CPH,Norwegian,2026-06-01T09:30:00,2026-06-01T11:00:00,90,13842,EUR
2026-05-08T16:00Z,2026-06-15,CDG,CPH,Norwegian,2026-06-15T09:30:00,2026-06-15T11:00:00,90,15439,EUR
2026-05-08T16:00Z,2026-07-01,CDG,CPH,Norwegian,2026-07-01T09:30:00,2026-07-01T11:00:00,90,13904,EUR
2026-05-08T16:00Z,2026-06-01,LHR,CPH,KLM,2026-06-01T09:30:00,2026-06-01T11:00:00,90,21813,EUR
2026-05-08T16:00Z,2026-06-15,LHR,CPH,KLM,2026-06-15T09:30:00,2026-06-15T11:00:00,90,23315,EUR
2026-05-08T16:00Z,2026-07-01,LHR,CPH,KLM,2026-07-01T09:30:00,2026-07-01T11:00:00,90,23097,EUR
2026-05-08T16:00Z,2026-06-01,LHR,CPH,SAS,2026-06-01T09:30:00,2026-06-01T11:00:00,90,18061,EUR
2026-05-08T16:00Z,2026-06-15,LHR,CPH,SAS,2026-06-15T09:30:00,2026-06-15T11:00:00,90,18570,EUR
2026-05-08T16:00Z,2026-07-01,LHR,CPH,SAS,2026-07-01T09:30:00,2026-07-01T11:00:00,90,18501,EUR
2026-05-08T16:00Z,2026-06-01,LHR,CPH,Norwegian,2026-06-01T09:30:00,2026-06-01T11:00:00,90,14008,EUR
2026-05-08T16:00Z,2026-06-15,LHR,CPH,Norwegian,2026-06-15T09:30:00,2026-06-15T11:00:00,90,12708,EUR
2026-05-08T16:00Z,2026-07-01,LHR,CPH,Norwegian,2026-07-01T09:30:00,2026-07-01T11:00:00,90,12878,EUR
2026-05-09T08:00Z,2026-06-01,AMS,CPH,KLM,2026-06-01T09:30:00,2026-06-01T11:00:00,90,23658,EUR
2026-05-09T08:00Z,2026-06-15,AMS,CPH,KLM,2026-06-15T09:30:00,2026-06-15T11:00:00,90,22234,EUR
2026-05-09T08:00Z,2026-07-01,AMS,CPH,KLM,2026-07-01T09:30:00,2026-07-01T11:00:00,90,21633,EUR
2026-05-09T08:00Z,2026-06-01,AMS,CPH,SAS,2026-06-01T09:30:00,2026-06-01T11:00:00,90,17240,EUR
2026-05-09T08:00Z,2026-06-15,AMS,CPH,SAS,2026-06-15T09:30:00,2026-06-15T11:00:00,90,16514,EUR
2026-05-09T08:00Z,2026-07-01,AMS,CPH,SAS,2026-07-01T09:30:00,2026-07-01T11:00:00,90,17866,EUR
2026-05-09T08:00Z,2026-06-01,AMS,CPH,Norwegian,2026-06-01T09:30:00,2026-06-01T11:00:00,90,13595,EUR
2026-05-09T08:00Z,2026-06-15,AMS,CPH,Norwegian,2026-06-15T09:30:00,2026-06-15T11:00:00,90,15109,EUR
2026-05-09T08:00Z,2026-07-01,AMS,CPH,Norwegian,2026-07-01T09:30:00,2026-07-01T11:00:00,90,13572,EUR
2026-05-09T08:00Z,2026-06-01,CDG,CPH,KLM,2026-06-01T09:30:00,2026-06-01T11:00:00,90,21721,EUR
2026-05-09T08:00Z,2026-06-15,CDG,CPH,KLM,2026-06-15T09:30:00,2026-06-15T11:00:00,90,22309,EUR
2026-05-09T08:00Z,2026-07-01,CDG,CPH,KLM,2026-07-01T09:30:00,2026-07-01T11:00:00,90,22759,EUR
2026-05-09T08:00Z,2026-06-01,CDG,CPH,SAS,2026-06-01T09:30:00,2026-06-01T11:00:00,90,19950,EUR
2026-05-09T08:00Z,2026-06-15,CDG,CPH,SAS,2026-06-15T09:30:00,2026-06-15T11:00:00,90,18251,EUR
2026-05-09T08:00Z,2026-07-01,CDG,CPH,SAS,2026-07-01T09:30:00,2026-07-01T11:00:00,90,18797,EUR
2026-05-09T08:00Z,2026-06-01,CDG,CPH,Norwegian,2026-06-01T09:30:00,2026-06-01T11:00:00,90,13099,EUR
2026-05-09T08:00Z,2026-06-15,CDG,CPH,Norwegian,2026-06-15T09:30:00,2026-06-15T11:00:00,90,12958,EUR
2026-05-09T08:00Z,2026-07-01,CDG,CPH,Norwegian,2026-07-01T09:30:00,2026-07-01T11:00:00,90,12808,EUR
2026-05-09T08:00Z,2026-06-01,LHR,CPH,KLM,2026-06-01T09:30:00,2026-06-01T11:00:00,90,23890,EUR
2026-05-09T08:00Z,2026-06-15,LHR,CPH,KLM,2026-06-15T09:30:00,2026-06-15T11:00:00,90,21110,EUR
2026-05-09T08:00Z,2026-07-01,LHR,CPH,KLM,2026-07-01T09:30:00,2026-07-01T11:00:00,90,22734,EUR
2026-05-09T08:00Z,2026-06-01,LHR,CPH,SAS,2026-06-01T09:30:00,2026-06-01T11:00:00,90,17207,EUR
2026-05-09T08:00Z,2026-06-15,LHR,CPH,SAS,2026-06-15T09:30:00,2026-06-15T11:00:00,90,18012,EUR
2026-05-09T08:00Z,2026-07-01,LHR,CPH,SAS,2026-07-01T09:30:00,2026-07-01T11:00:00,90,18885,EUR
2026-05-09T08:00Z,2026-06-01,LHR,CPH,Norwegian,2026-06-01T09:30:00,2026-06-01T11:00:00,90,15323,EUR
2026-05-09T08:00Z,2026-06-15,LHR,CPH,Norwegian,2026-06-15T09:30:00,2026-06-15T11:00:00,90,13106,EUR
2026-05-09T08:00Z,2026-07-01,LHR,CPH,Norwegian,2026-07-01T09:30:00,2026-07-01T11:00:00,90,14260,EUR
2026-05-09T16:00Z,2026-06-01,AMS,CPH,KLM,2026-06-01T09:30:00,2026-06-01T11:00:00,90,21582,EUR
2026-05-09T16:00Z,2026-06-15,AMS,CPH,KLM,2026-06-15T09:30:00,2026-06-15T11:00:00,90,20671,EUR
2026-05-09T16:00Z,2026-07-01,AMS,CPH,KLM,2026-07-01T09:30:00,2026-07-01T11:00:00,90,21762,EUR
2026-05-09T16:00Z,2026-06-01,AMS,CPH,SAS,2026-06-01T09:30:00,2026-06-01T11:00:00,90,18553,EUR
2026-05-09T16:00Z,2026-06-15,AMS,CPH,SAS,2026-06-15T09:30:00,2026-06-15T11:00:00,90,16663,EUR
2026-05-09T16:00Z,2026-07-01,AMS,CPH,SAS,2026-07-01T09:30:00,2026-07-01T11:00:00,90,17965,EUR
2026-05-09T16:00Z,2026-06-01,AMS,CPH,Norwegian,2026-06-01T09:30:00,2026-06-01T11:00:00,90,13920,EUR
2026-05-09T16:00Z,2026-06-15,AMS,CPH,Norwegian,2026-06-15T09:30:00,2026-06-15T11:00:00,90,15293,EUR
2026-05-09T16:00Z,2026-07-01,AMS,CPH,Norwegian,2026-07-01T09:30:00,2026-07-01T11:00:00,90,13522,EUR
2026-05-09T16:00Z,2026-06-01,CDG,CPH,KLM,2026-06-01T09:30:00,2026-06-01T11:00:00,90,23791,EUR
2026-05-09T16:00Z,2026-06-15,CDG,CPH,KLM,2026-06-15T09:30:00,2026-06-15T11:00:00,90,20921,EUR
2026-05-09T16:00Z,2026-07-01,CDG,CPH,KLM,2026-07-01T09:30:00,2026-07-01T11:00:00,90,21948,EUR
2026-05-09T16:00Z,2026-06-01,CDG,CPH,SAS,2026-06-01T09:30:00,2026-06-01T11:00:00,90,19353,EUR
2026-05-09T16:00Z,2026-06-15,CDG,CPH,SAS,2026-06-15T09:30:00,2026-06-15T11:00:00,90,18164,EUR
2026-05-09T16:00Z,2026-07-01,CDG,CPH,SAS,2026-07-01T09:30:00,2026-07-01T11:00:00,90,19042,EUR
2026-05-09T16:00Z,2026-06-01,CDG,CPH,Norwegian,2026-06-01T09:30:00,2026-06-01T11:00:00,90,13693,EUR
2026-05-09T16:00Z,2026-06-15,CDG,CPH,Norwegian,2026-06-15T09:30:00,2026-06-15T11:00:00,90,13469,EUR
2026-05-09T16:00Z,2026-07-01,CDG,CPH,Norwegian,2026-07-01T09:30:00,2026-07-01T11:00:00,90,13165,EUR
2026-05-09T16:00Z,2026-06-01,LHR,CPH,KLM,2026-06-01T09:30:00,2026-06-01T11:00:00,90,21785,EUR
2026-05-09T16:00Z,2026-06-15,LHR,CPH,KLM,2026-06-15T09:30:00,2026-06-15T11:00:00,90,22188,EUR
2026-05-09T16:00Z,2026-07-01,LHR,CPH,KLM,2026-07-01T09:30:00,2026-07-01T11:00:00,90,20601,EUR
2026-05-09T16:00Z,2026-06-01,LHR,CPH,SAS,2026-06-01T09:30:00,2026-06-01T11:00:00,90,17794,EUR
2026-05-09T16:00Z,2026-06-15,LHR,CPH,SAS,2026-06-15T09:30:00,2026-06-15T11:00:00,90,17860,EUR
2026-05-09T16:00Z,2026-07-01,LHR,CPH,SAS,2026-07-01T09:30:00,2026-07-01T11:00:00,90,18186,EUR
2026-05-09T16:00Z,2026-06-01,LHR,CPH,Norwegian,2026-06-01T09:30:00,2026-06-01T11:00:00,90,15803,EUR
2026-05-09T16:00Z,2026-06-15,LHR,CPH,Norwegian,2026-06-15T09:30:00,2026-06-15T11:00:00,90,13516,EUR
2026-05-09T16:00Z,2026-07-01,LHR,CPH,Norwegian,2026-07-01T09:30:00,2026-07-01T11:00:00,90,13592,EUR
2026-05-10T08:00Z,2026-06-01,AMS,CPH,KLM,2026-06-01T09:30:00,2026-06-01T11:00:00,90,21792,EUR
2026-05-10T08:00Z,2026-06-15,AMS,CPH,KLM,2026-06-15T09:30:00,2026-06-15T11:00:00,90,23372,EUR
2026-05-10T08:00Z,2026-07-01,AMS,CPH,KLM,2026-07-01T09:30:00,2026-07-01T11:00:00,90,20942,EUR
2026-05-10T08:00Z,2026-06-01,AMS,CPH,SAS,2026-06-01T09:30:00,2026-06-01T11:00:00,90,18706,EUR
2026-05-10T08:00Z,2026-06-15,AMS,CPH,SAS,2026-06-15T09:30:00,2026-06-15T11:00:00,90,16658,EUR
2026-05-10T08:00Z,2026-07-01,AMS,CPH,SAS,2026-07-01T09:30:00,2026-07-01T11:00:00,90,18427,EUR
2026-05-10T08:00Z,2026-06-01,AMS,CPH,Norwegian,2026-06-01T09:30:00,2026-06-01T11:00:00,90,14051,EUR
2026-05-10T08:00Z,2026-06-15,AMS,CPH,Norwegian,2026-06-15T09:30:00,2026-06-15T11:00:00,90,13317,EUR
2026-05-10T08:00Z,2026-07-01,AMS,CPH,Norwegian,2026-07-01T09:30:00,2026-07-01T11:00:00,90,14385,EUR
2026-05-10T08:00Z,2026-06-01,CDG,CPH,KLM,2026-06-01T09:30:00,2026-06-01T11:00:00,90,22572,EUR
2026-05-10T08:00Z,2026-06-15,CDG,CPH,KLM,2026-06-15T09:30:00,2026-06-15T11:00:00,90,21750,EUR
2026-05-10T08:00Z,2026-07-01,CDG,CPH,KLM,2026-07-01T09:30:00,2026-07-01T11:00:00,90,21432,EUR
2026-05-10T08:00Z,2026-06-01,CDG,CPH,SAS,2026-06-01T09:30:00,2026-06-01T11:00:00,90,18053,EUR
2026-05-10T08:00Z,2026-06-15,CDG,CPH,SAS,2026-06-15T09:30:00,2026-06-15T11:00:00,90,16596,EUR
2026-05-10T08:00Z,2026-07-01,CDG,CPH,SAS,2026-07-01T09:30:00,2026-07-01T11:00:00,90,19203,EUR
2026-05-10T08:00Z,2026-06-01,CDG,CPH,Norwegian,2026-06-01T09:30:00,2026-06-01T11:00:00,90,13931,EUR
2026-05-10T08:00Z,2026-06-15,CDG,CPH,Norwegian,2026-06-15T09:30:00,2026-06-15T11:00:00,90,14132,EUR
2026-05-10T08:00Z,2026-07-01,CDG,CPH,Norwegian,2026-07-01T09:30:00,2026-07-01T11:00:00,90,13844,EUR
2026-05-10T08:00Z,2026-06-01,LHR,CPH,KLM,2026-06-01T09:30:00,2026-06-01T11:00:00,90,22281,EUR
2026-05-10T08:00Z,2026-06-15,LHR,CPH,KLM,2026-06-15T09:30:00,2026-06-15T11:00:00,90,20784,EUR
2026-05-10T08:00Z,2026-07-01,LHR,CPH,KLM,2026-07-01T09:30:00,2026-07-01T11:00:00,90,21643,EUR
2026-05-10T08:00Z,2026-06-01,LHR,CPH,SAS,2026-06-01T09:30:00,2026-06-01T11:00:00,90,18578,EUR
2026-05-10T08:00Z,2026-06-15,LHR,CPH,SAS,2026-06-15T09:30:00,2026-06-15T11:00:00,90,19127,EUR
2026-05-10T08:00Z,2026-07-01,LHR,CPH,SAS,2026-07-01T09:30:00,2026-07-01T11:00:00,90,18586,EUR
2026-05-10T08:00Z,2026-06-01,LHR,CPH,Norwegian,2026-06-01T09:30:00,2026-06-01T11:00:00,90,14777,EUR
2026-05-10T08:00Z,2026-06-15,LHR,CPH,Norwegian,2026-06-15T09:30:00,2026-06-15T11:00:00,90,15283,EUR
2026-05-10T08:00Z,2026-07-01,LHR,CPH,Norwegian,2026-07-01T09:30:00,2026-07-01T11:00:00,90,14696,EUR
2026-05-10T16:00Z,2026-06-01,AMS,CPH,KLM,2026-06-01T09:30:00,2026-06-01T11:00:00,90,22496,EUR
2026-05-10T16:00Z,2026-06-15,AMS,CPH,KLM,2026-06-15T09:30:00,2026-06-15T11:00:00,90,20613,EUR
2026-05-10T16:00Z,2026-07-01,AMS,CPH,KLM,2026-07-01T09:30:00,2026-07-01T11:00:00,90,20972,EUR
2026-05-10T16:00Z,2026-06-01,AMS,CPH,SAS,2026-06-01T09:30:00,2026-06-01T11:00:00,90,18209,EUR
2026-05-10T16:00Z,2026-06-15,AMS,CPH,SAS,2026-06-15T09:30:00,2026-06-15T11:00:00,90,17231,EUR
2026-05-10T16:00Z,2026-07-01,AMS,CPH,SAS,2026-07-01T09:30:00,2026-07-01T11:00:00,90,18878,EUR
2026-05-10T16:00Z,2026-06-01,AMS,CPH,Norwegian,2026-06-01T09:30:00,2026-06-01T11:00:00,90,14227,EUR
2026-05-10T16:00Z,2026-06-15,AMS,CPH,Norwegian,2026-06-15T09:30:00,2026-06-15T11:00:00,90,12656,EUR
2026-05-10T16:00Z,2026-07-01,AMS,CPH,Norwegian,2026-07-01T09:30:00,2026-07-01T11:00:00,90,12944,EUR
2026-05-10T16:00Z,2026-06-01,CDG,CPH,KLM,2026-06-01T09:30:00,2026-06-01T11:00:00,90,23583,EUR
2026-05-10T16:00Z,2026-06-15,CDG,CPH,KLM,2026-06-15T09:30:00,2026-06-15T11:00:00,90,22279,EUR
2026-05-10T16:00Z,2026-07-01,CDG,CPH,KLM,2026-07-01T09:30:00,2026-07-01T11:00:00,90,21915,EUR
2026-05-10T16:00Z,2026-06-01,CDG,CPH,SAS,2026-06-01T09:30:00,2026-06-01T11:00:00,90,20124,EUR
2026-05-10T16:00Z,2026-06-15,CDG,CPH,SAS,2026-06-15T09:30:00,2026-06-15T11:00:00,90,17784,EUR
2026-05-10T16:00Z,2026-07-01,CDG,CPH,SAS,2026-07-01T09:30:00,2026-07-01T11:00:00,90,18287,EUR
2026-05-10T16:00Z,2026-06-01,CDG,CPH,Norwegian,2026-06-01T09:30:00,2026-06-01T11:00:00,90,15623,EUR
2026-05-10T16:00Z,2026-06-15,CDG,CPH,Norwegian,2026-06-15T09:30:00,2026-06-15T11:00:00,90,14594,EUR
2026-05-10T16:00Z,2026-07-01,CDG,CPH,Norwegian,2026-07-01T09:30:00,2026-07-01T11:00:00,90,12973,EUR
2026-05-10T16:00Z,2026-06-01,LHR,CPH,KLM,2026-06-01T09:30:00,2026-06-01T11:00:00,90,22717,EUR
2026-05-10T16:00Z,2026-06-15,LHR,CPH,KLM,2026-06-15T09:30:00,2026-06-15T11:00:00,90,22861,EUR
2026-05-10T16:00Z,2026-07-01,LHR,CPH,KLM,2026-07-01T09:30:00,2026-07-01T11:00:00,90,21278,EUR
2026-05-10T16:00Z,2026-06-01,LHR,CPH,SAS,2026-06-01T09:30:00,2026-06-01T11:00:00,90,18183,EUR
2026-05-10T16:00Z,2026-06-15,LHR,CPH,SAS,2026-06-15T09:30:00,2026-06-15T11:00:00,90,16681,EUR
2026-05-10T16:00Z,2026-07-01,LHR,CPH,SAS,2026-07-01T09:30:00,2026-07-01T11:00:00,90,19403,EUR
2026-05-10T16:00Z,2026-06-01,LHR,CPH,Norwegian,2026-06-01T09:30:00,2026-06-01T11:00:00,90,14926,EUR
2026-05-10T16:00Z,2026-06-15,LHR,CPH,Norwegian,2026-06-15T09:30:00,2026-06-15T11:00:00,90,12506,EUR
2026-05-10T16:00Z,2026-07-01,LHR,CPH,Norwegian,2026-07-01T09:30:00,2026-07-01T11:00:00,90,14629,EUR
2026-05-11T08:00Z,2026-06-01,AMS,CPH,KLM,2026-06-01T09:30:00,2026-06-01T11:00:00,90,23425,EUR
2026-05-11T08:00Z,2026-06-15,AMS,CPH,KLM,2026-06-15T09:30:00,2026-06-15T11:00:00,90,23313,EUR
2026-05-11T08:00Z,2026-07-01,AMS,CPH,KLM,2026-07-01T09:30:00,2026-07-01T11:00:00,90,23446,EUR
2026-05-11T08:00Z,2026-06-01,AMS,CPH,SAS,2026-06-01T09:30:00,2026-06-01T11:00:00,90,19966,EUR
2026-05-11T08:00Z,2026-06-15,AMS,CPH,SAS,2026-06-15T09:30:00,2026-06-15T11:00:00,90,17307,EUR
2026-05-11T08:00Z,2026-07-01,AMS,CPH,SAS,2026-07-01T09:30:00,2026-07-01T11:00:00,90,17991,EUR
2026-05-11T08:00Z,2026-06-01,AMS,CPH,Norwegian,2026-06-01T09:30:00,2026-06-01T11:00:00,90,14986,EUR
2026-05-11T08:00Z,2026-06-15,AMS,CPH,Norwegian,2026-06-15T09:30:00,2026-06-15T11:00:00,90,12786,EUR
2026-05-11T08:00Z,2026-07-01,AMS,CPH,Norwegian,2026-07-01T09:30:00,2026-07-01T11:00:00,90,15220,EUR
2026-05-11T08:00Z,2026-06-01,CDG,CPH,KLM,2026-06-01T09:30:00,2026-06-01T11:00:00,90,22572,EUR
2026-05-11T08:00Z,2026-06-15,CDG,CPH,KLM,2026-06-15T09:30:00,2026-06-15T11:00:00,90,23052,EUR
2026-05-11T08:00Z,2026-07-01,CDG,CPH,KLM,2026-07-01T09:30:00,2026-07-01T11:00:00,90,21785,EUR
2026-05-11T08:00Z,2026-06-01,CDG,CPH,SAS,2026-06-01T09:30:00,2026-06-01T11:00:00,90,19937,EUR
2026-05-11T08:00Z,2026-06-15,CDG,CPH,SAS,2026-06-15T09:30:00,2026-06-15T11:00:00,90,17010,EUR
2026-05-11T08:00Z,2026-07-01,CDG,CPH,SAS,2026-07-01T09:30:00,2026-07-01T11:00:00,90,19448,EUR
2026-05-11T08:00Z,2026-06-01,CDG,CPH,Norwegian,2026-06-01T09:30:00,2026-06-01T11:00:00,90,14450,EUR
2026-05-11T08:00Z,2026-06-15,CDG,CPH,Norwegian,2026-06-15T09:30:00,2026-06-15T11:00:00,90,14577,EUR
2026-05-11T08:00Z,2026-07-01,CDG,CPH,Norwegian,2026-07-01T09:30:00,2026-07-01T11:00:00,90,13766,EUR
2026-05-11T08:00Z,2026-06-01,LHR,CPH,KLM,2026-06-01T09:30:00,2026-06-01T11:00:00,90,23951,EUR
2026-05-11T08:00Z,2026-06-15,LHR,CPH,KLM,2026-06-15T09:30:00,2026-06-15T11:00:00,90,22172,EUR
2026-05-11T08:00Z,2026-07-01,LHR,CPH,KLM,2026-07-01T09:30:00,2026-07-01T11:00:00,90,21836,EUR
2026-05-11T08:00Z,2026-06-01,LHR,CPH,SAS,2026-06-01T09:30:00,2026-06-01T11:00:00,90,18868,EUR
2026-05-11T08:00Z,2026-06-15,LHR,CPH,SAS,2026-06-15T09:30:00,2026-06-15T11:00:00,90,19355,EUR
2026-05-11T08:00Z,2026-07-01,LHR,CPH,SAS,2026-07-01T09:30:00,2026-07-01T11:00:00,90,17711,EUR
2026-05-11T08:00Z,2026-06-01,LHR,CPH,Norwegian,2026-06-01T09:30:00,2026-06-01T11:00:00,90,15490,EUR
2026-05-11T08:00Z,2026-06-15,LHR,CPH,Norwegian,2026-06-15T09:30:00,2026-06-15T11:00:00,90,13021,EUR
2026-05-11T08:00Z,2026-07-01,LHR,CPH,Norwegian,2026-07-01T09:30:00,2026-07-01T11:00:00,90,13285,EUR
2026-05-11T16:00Z,2026-06-01,AMS,CPH,KLM,2026-06-01T09:30:00,2026-06-01T11:00:00,90,22942,EUR
2026-05-11T16:00Z,2026-06-15,AMS,CPH,KLM,2026-06-15T09:30:00,2026-06-15T11:00:00,90,23223,EUR
2026-05-11T16:00Z,2026-07-01,AMS,CPH,KLM,2026-07-01T09:30:00,2026-07-01T11:00:00,90,22052,EUR
2026-05-11T16:00Z,2026-06-01,AMS,CPH,SAS,2026-06-01T09:30:00,2026-06-01T11:00:00,90,19994,EUR
2026-05-11T16:00Z,2026-06-15,AMS,CPH,SAS,2026-06-15T09:30:00,2026-06-15T11:00:00,90,17212,EUR
2026-05-11T16:00Z,2026-07-01,AMS,CPH,SAS,2026-07-01T09:30:00,2026-07-01T11:00:00,90,19021,EUR
2026-05-11T16:00Z,2026-06-01,AMS,CPH,Norwegian,2026-06-01T09:30:00,2026-06-01T11:00:00,90,15551,EUR
2026-05-11T16:00Z,2026-06-15,AMS,CPH,Norwegian,2026-06-15T09:30:00,2026-06-15T11:00:00,90,13732,EUR
2026-05-11T16:00Z,2026-07-01,AMS,CPH,Norwegian,2026-07-01T09:30:00,2026-07-01T11:00:00,90,14163,EUR
2026-05-11T16:00Z,2026-06-01,CDG,CPH,KLM,2026-06-01T09:30:00,2026-06-01T11:00:00,90,23464,EUR
2026-05-11T16:00Z,2026-06-15,CDG,CPH,KLM,2026-06-15T09:30:00,2026-06-15T11:00:00,90,20501,EUR
2026-05-11T16:00Z,2026-07-01,CDG,CPH,KLM,2026-07-01T09:30:00,2026-07-01T11:00:00,90,21744,EUR
2026-05-11T16:00Z,2026-06-01,CDG,CPH,SAS,2026-06-01T09:30:00,2026-06-01T11:00:00,90,18395,EUR
2026-05-11T16:00Z,2026-06-15,CDG,CPH,SAS,2026-06-15T09:30:00,2026-06-15T11:00:00,90,17360,EUR
2026-05-11T16:00Z,2026-07-01,CDG,CPH,SAS,2026-07-01T09:30:00,2026-07-01T11:00:00,90,18260,EUR
2026-05-11T16:00Z,2026-06-01,CDG,CPH,Norwegian,2026-06-01T09:30:00,2026-06-01T11:00:00,90,15595,EUR
2026-05-11T16:00Z,2026-06-15,CDG,CPH,Norwegian,2026-06-15T09:30:00,2026-06-15T11:00:00,90,14984,EUR
2026-05-11T16:00Z,2026-07-01,CDG,CPH,Norwegian,2026-07-01T09:30:00,2026-07-01T11:00:00,90,15181,EUR
2026-05-11T16:00Z,2026-06-01,LHR,CPH,KLM,2026-06-01T09:30:00,2026-06-01T11:00:00,90,22539,EUR
2026-05-11T16:00Z,2026-06-15,LHR,CPH,KLM,2026-06-15T09:30:00,2026-06-15T11:00:00,90,22404,EUR
2026-05-11T16:00Z,2026-07-01,LHR,CPH,KLM,2026-07-01T09:30:00,2026-07-01T11:00:00,90,22309,EUR
2026-05-11T16:00Z,2026-06-01,LHR,CPH,SAS,2026-06-01T09:30:00,2026-06-01T11:00:00,90,19031,EUR
2026-05-11T16:00Z,2026-06-15,LHR,CPH,SAS,2026-06-15T09:30:00,2026-06-15T11:00:00,90,19267,EUR
2026-05-11T16:00Z,2026-07-01,LHR,CPH,SAS,2026-07-01T09:30:00,2026-07-01T11:00:00,90,17375,EUR
2026-05-11T16:00Z,2026-06-01,LHR,CPH,Norwegian,2026-06-01T09:30:00,2026-06-01T11:00:00,90,15313,EUR
2026-05-11T16:00Z,2026-06-15,LHR,CPH,Norwegian,2026-06-15T09:30:00,2026-06-15T11:00:00,90,14438,EUR
2026-05-11T16:00Z,2026-07-01,LHR,CPH,Norwegian,2026-07-01T09:30:00,2026-07-01T11:00:00,90,13195,EUR
2026-05-12T08:00Z,2026-06-01,AMS,CPH,KLM,2026-06-01T09:30:00,2026-06-01T11:00:00,90,23998,EUR
2026-05-12T08:00Z,2026-06-15,AMS,CPH,KLM,2026-06-15T09:30:00,2026-06-15T11:00:00,90,20847,EUR
2026-05-12T08:00Z,2026-07-01,AMS,CPH,KLM,2026-07-01T09:30:00,2026-07-01T11:00:00,90,21662,EUR
2026-05-12T08:00Z,2026-06-01,AMS,CPH,SAS,2026-06-01T09:30:00,2026-06-01T11:00:00,90,19411,EUR
2026-05-12T08:00Z,2026-06-15,AMS,CPH,SAS,2026-06-15T09:30:00,2026-06-15T11:00:00,90,19219,EUR
2026-05-12T08:00Z,2026-07-01,AMS,CPH,SAS,2026-07-01T09:30:00,2026-07-01T11:00:00,90,19092,EUR
2026-05-12T08:00Z,2026-06-01,AMS,CPH,Norwegian,2026-06-01T09:30:00,2026-06-01T11:00:00,90,15836,EUR
2026-05-12T08:00Z,2026-06-15,AMS,CPH,Norwegian,2026-06-15T09:30:00,2026-06-15T11:00:00,90,13872,EUR
2026-05-12T08:00Z,2026-07-01,AMS,CPH,Norwegian,2026-07-01T09:30:00,2026-07-01T11:00:00,90,12882,EUR
2026-05-12T08:00Z,2026-06-01,CDG,CPH,KLM,2026-06-01T09:30:00,2026-06-01T11:00:00,90,22262,EUR
2026-05-12T08:00Z,2026-06-15,CDG,CPH,KLM,2026-06-15T09:30:00,2026-06-15T11:00:00,90,23255,EUR
2026-05-12T08:00Z,2026-07-01,CDG,CPH,KLM,2026-07-01T09:30:00,2026-07-01T11:00:00,90,21771,EUR
2026-05-12T08:00Z,2026-06-01,CDG,CPH,SAS,2026-06-01T09:30:00,2026-06-01T11:00:00,90,18220,EUR
2026-05-12T08:00Z,2026-06-15,CDG,CPH,SAS,2026-06-15T09:30:00,2026-06-15T11:00:00,90,17315,EUR
2026-05-12T08:00Z,2026-07-01,CDG,CPH,SAS,2026-07-01T09:30:00,2026-07-01T11:00:00,90,17103,EUR
2026-05-12T08:00Z,2026-06-01,CDG,CPH,Norwegian,2026-06-01T09:30:00,2026-06-01T11:00:00,90,13400,EUR
2026-05-12T08:00Z,2026-06-15,CDG,CPH,Norwegian,2026-06-15T09:30:00,2026-06-15T11:00:00,90,12689,EUR
2026-05-12T08:00Z,2026-07-01,CDG,CPH,Norwegian,2026-07-01T09:30:00,2026-07-01T11:00:00,90,13502,EUR
2026-05-12T08:00Z,2026-06-01,LHR,CPH,KLM,2026-06-01T09:30:00,2026-06-01T11:00:00,90,23246,EUR
2026-05-12T08:00Z,2026-06-15,LHR,CPH,KLM,2026-06-15T09:30:00,2026-06-15T11:00:00,90,23003,EUR
2026-05-12T08:00Z,2026-07-01,LHR,CPH,KLM,2026-07-01T09:30:00,2026-07-01T11:00:00,90,20798,EUR
2026-05-12T08:00Z,2026-06-01,LHR,CPH,SAS,2026-06-01T09:30:00,2026-06-01T11:00:00,90,19165,EUR
2026-05-12T08:00Z,2026-06-15,LHR,CPH,SAS,2026-06-15T09:30:00,2026-06-15T11:00:00,90,18197,EUR
2026-05-12T08:00Z,2026-07-01,LHR,CPH,SAS,2026-07-01T09:30:00,2026-07-01T11:00:00,90,19079,EUR
2026-05-12T08:00Z,2026-06-01,LHR,CPH,Norwegian,2026-06-01T09:30:00,2026-06-01T11:00:00,90,15657,EUR
2026-05-12T08:00Z,2026-06-15,LHR,CPH,Norwegian,2026-06-15T09:30:00,2026-06-15T11:00:00,90,13296,EUR
2026-05-12T08:00Z,2026-07-01,LHR,CPH,Norwegian,2026-07-01T09:30:00,2026-07-01T11:00:00,90,15442,EUR
2026-05-12T16:00Z,2026-06-01,AMS,CPH,KLM,2026-06-01T09:30:00,2026-06-01T11:00:00,90,24152,EUR
2026-05-12T16:00Z,2026-06-15,AMS,CPH,KLM,2026-06-15T09:30:00,2026-06-15T11:00:00,90,22072,EUR
2026-05-12T16:00Z,2026-07-01,AMS,CPH,KLM,2026-07-01T09:30:00,2026-07-01T11:00:00,90,22524,EUR
2026-05-12T16:00Z,2026-06-01,AMS,CPH,SAS,2026-06-01T09:30:00,2026-06-01T11:00:00,90,18936,EUR
2026-05-12T16:00Z,2026-06-15,AMS,CPH,SAS,2026-06-15T09:30:00,2026-06-15T11:00:00,90,17499,EUR
2026-05-12T16:00Z,2026-07-01,AMS,CPH,SAS,2026-07-01T09:30:00,2026-07-01T11:00:00,90,17104,EUR
2026-05-12T16:00Z,2026-06-01,AMS,CPH,Norwegian,2026-06-01T09:30:00,2026-06-01T11:00:00,90,15987,EUR
2026-05-12T16:00Z,2026-06-15,AMS,CPH,Norwegian,2026-06-15T09:30:00,2026-06-15T11:00:00,90,15316,EUR
2026-05-12T16:00Z,2026-07-01,AMS,CPH,Norwegian,2026-07-01T09:30:00,2026-07-01T11:00:00,90,12522,EUR
2026-05-12T16:00Z,2026-06-01,CDG,CPH,KLM,2026-06-01T09:30:00,2026-06-01T11:00:00,90,21736,EUR
2026-05-12T16:00Z,2026-06-15,CDG,CPH,KLM,2026-06-15T09:30:00,2026-06-15T11:00:00,90,22241,EUR
2026-05-12T16:00Z,2026-07-01,CDG,CPH,KLM,2026-07-01T09:30:00,2026-07-01T11:00:00,90,21396,EUR
2026-05-12T16:00Z,2026-06-01,CDG,CPH,SAS,2026-06-01T09:30:00,2026-06-01T11:00:00,90,18020,EUR
2026-05-12T16:00Z,2026-06-15,CDG,CPH,SAS,2026-06-15T09:30:00,2026-06-15T11:00:00,90,19350,EUR
2026-05-12T16:00Z,2026-07-01,CDG,CPH,SAS,2026-07-01T09:30:00,2026-07-01T11:00:00,90,18621,EUR
2026-05-12T16:00Z,2026-06-01,CDG,CPH,Norwegian,2026-06-01T09:30:00,2026-06-01T11:00:00,90,15202,EUR
2026-05-12T16:00Z,2026-06-15,CDG,CPH,Norwegian,2026-06-15T09:30:00,2026-06-15T11:00:00,90,12705,EUR
2026-05-12T16:00Z,2026-07-01,CDG,CPH,Norwegian,2026-07-01T09:30:00,2026-07-01T11:00:00,90,14783,EUR
2026-05-12T16:00Z,2026-06-01,LHR,CPH,KLM,2026-06-01T09:30:00,2026-06-01T11:00:00,90,22320,EUR
2026-05-12T16:00Z,2026-06-15,LHR,CPH,KLM,2026-06-15T09:30:00,2026-06-15T11:00:00,90,20997,EUR
2026-05-12T16:00Z,2026-07-01,LHR,CPH,KLM,2026-07-01T09:30:00,2026-07-01T11:00:00,90,22369,EUR
2026-05-12T16:00Z,2026-06-01,LHR,CPH,SAS,2026-06-01T09:30:00,2026-06-01T11:00:00,90,17846,EUR
2026-05-12T16:00Z,2026-06-15,LHR,CPH,SAS,2026-06-15T09:30:00,2026-06-15T11:00:00,90,18403,EUR
2026-05-12T16:00Z,2026-07-01,LHR,CPH,SAS,2026-07-01T09:30:00,2026-07-01T11:00:00,90,19234,EUR
2026-05-12T16:00Z,2026-06-01,LHR,CPH,Norwegian,2026-06-01T09:30:00,2026-06-01T11:00:00,90,15475,EUR
2026-05-12T16:00Z,2026-06-15,LHR,CPH,Norwegian,2026-06-15T09:30:00,2026-06-15T11:00:00,90,14789,EUR
2026-05-12T16:00Z,2026-07-01,LHR,CPH,Norwegian,2026-07-01T09:30:00,2026-07-01T11:00:00,90,14938,EUR
2026-05-13T08:00Z,2026-06-01,AMS,CPH,KLM,2026-06-01T09:30:00,2026-06-01T11:00:00,90,22679,EUR
2026-05-13T08:00Z,2026-06-15,AMS,CPH,KLM,2026-06-15T09:30:00,2026-06-15T11:00:00,90,22312,EUR
2026-05-13T08:00Z,2026-07-01,AMS,CPH,KLM,2026-07-01T09:30:00,2026-07-01T11:00:00,90,23009,EUR
2026-05-13T08:00Z,2026-06-01,AMS,CPH,SAS,2026-06-01T09:30:00,2026-06-01T11:00:00,90,20326,EUR
2026-05-13T08:00Z,2026-06-15,AMS,CPH,SAS,2026-06-15T09:30:00,2026-06-15T11:00:00,90,18567,EUR
2026-05-13T08:00Z,2026-07-01,AMS,CPH,SAS,2026-07-01T09:30:00,2026-07-01T11:00:00,90,18247,EUR
2026-05-13T08:00Z,2026-06-01,AMS,CPH,Norwegian,2026-06-01T09:30:00,2026-06-01T11:00:00,90,15624,EUR
2026-05-13T08:00Z,2026-06-15,AMS,CPH,Norwegian,2026-06-15T09:30:00,2026-06-15T11:00:00,90,14326,EUR
2026-05-13T08:00Z,2026-07-01,AMS,CPH,Norwegian,2026-07-01T09:30:00,2026-07-01T11:00:00,90,13151,EUR
2026-05-13T08:00Z,2026-06-01,CDG,CPH,KLM,2026-06-01T09:30:00,2026-06-01T11:00:00,90,23324,EUR
2026-05-13T08:00Z,2026-06-15,CDG,CPH,KLM,2026-06-15T09:30:00,2026-06-15T11:00:00,90,22343,EUR
2026-05-13T08:00Z,2026-07-01,CDG,CPH,KLM,2026-07-01T09:30:00,2026-07-01T11:00:00,90,21561,EUR
2026-05-13T08:00Z,2026-06-01,CDG,CPH,SAS,2026-06-01T09:30:00,2026-06-01T11:00:00,90,18392,EUR
2026-05-13T08:00Z,2026-06-15,CDG,CPH,SAS,2026-06-15T09:30:00,2026-06-15T11:00:00,90,19111,EUR
2026-05-13T08:00Z,2026-07-01,CDG,CPH,SAS,2026-07-01T09:30:00,2026-07-01T11:00:00,90,17635,EUR
2026-05-13T08:00Z,2026-06-01,CDG,CPH,Norwegian,2026-06-01T09:30:00,2026-06-01T11:00:00,90,15515,EUR
2026-05-13T08:00Z,2026-06-15,CDG,CPH,Norwegian,2026-06-15T09:30:00,2026-06-15T11:00:00,90,14484,EUR
2026-05-13T08:00Z,2026-07-01,CDG,CPH,Norwegian,2026-07-01T09:30:00,2026-07-01T11:00:00,90,15067,EUR
2026-05-13T08:00Z,2026-06-01,LHR,CPH,KLM,2026-06-01T09:30:00,2026-06-01T11:00:00,90,22359,EUR
2026-05-13T08:00Z,2026-06-15,LHR,CPH,KLM,2026-06-15T09:30:00,2026-06-15T11:00:00,90,21624,EUR
2026-05-13T08:00Z,2026-07-01,LHR,CPH,KLM,2026-07-01T09:30:00,2026-07-01T11:00:00,90,22301,EUR
2026-05-13T08:00Z,2026-06-01,LHR,CPH,SAS,2026-06-01T09:30:00,2026-06-01T11:00:00,90,17697,EUR
2026-05-13T08:00Z,2026-06-15,LHR,CPH,SAS,2026-06-15T09:30:00,2026-06-15T11:00:00,90,19422,EUR
2026-05-13T08:00Z,2026-07-01,LHR,CPH,SAS,2026-07-01T09:30:00,2026-07-01T11:00:00,90,17670,EUR
2026-05-13T08:00Z,2026-06-01,LHR,CPH,Norwegian,2026-06-01T09:30:00,2026-06-01T11:00:00,90,14340,EUR
2026-05-13T08:00Z,2026-06-15,LHR,CPH,Norwegian,2026-06-15T09:30:00,2026-06-15T11:00:00,90,13612,EUR
2026-05-13T08:00Z,2026-07-01,LHR,CPH,Norwegian,2026-07-01T09:30:00,2026-07-01T11:00:00,90,13875,EUR
2026-05-13T16:00Z,2026-06-01,AMS,CPH,KLM,2026-06-01T09:30:00,2026-06-01T11:00:00,90,22689,EUR
2026-05-13T16:00Z,2026-06-15,AMS,CPH,KLM,2026-06-15T09:30:00,2026-06-15T11:00:00,90,22712,EUR
2026-05-13T16:00Z,2026-07-01,AMS,CPH,KLM,2026-07-01T09:30:00,2026-07-01T11:00:00,90,20830,EUR
2026-05-13T16:00Z,2026-06-01,AMS,CPH,SAS,2026-06-01T09:30:00,2026-06-01T11:00:00,90,17946,EUR
2026-05-13T16:00Z,2026-06-15,AMS,CPH,SAS,2026-06-15T09:30:00,2026-06-15T11:00:00,90,17117,EUR
2026-05-13T16:00Z,2026-07-01,AMS,CPH,SAS,2026-07-01T09:30:00,2026-07-01T11:00:00,90,17447,EUR
2026-05-13T16:00Z,2026-06-01,AMS,CPH,Norwegian,2026-06-01T09:30:00,2026-06-01T11:00:00,90,14948,EUR
2026-05-13T16:00Z,2026-06-15,AMS,CPH,Norwegian,2026-06-15T09:30:00,2026-06-15T11:00:00,90,15342,EUR
2026-05-13T16:00Z,2026-07-01,AMS,CPH,Norwegian,2026-07-01T09:30:00,2026-07-01T11:00:00,90,13125,EUR
2026-05-13T16:00Z,2026-06-01,CDG,CPH,KLM,2026-06-01T09:30:00,2026-06-01T11:00:00,90,24273,EUR
2026-05-13T16:00Z,2026-06-15,CDG,CPH,KLM,2026-06-15T09:30:00,2026-06-15T11:00:00,90,21376,EUR
2026-05-13T16:00Z,2026-07-01,CDG,CPH,KLM,2026-07-01T09:30:00,2026-07-01T11:00:00,90,20763,EUR
2026-05-13T16:00Z,2026-06-01,CDG,CPH,SAS,2026-06-01T09:30:00,2026-06-01T11:00:00,90,19079,EUR
2026-05-13T16:00Z,2026-06-15,CDG,CPH,SAS,2026-06-15T09:30:00,2026-06-15T11:00:00,90,18169,EUR
2026-05-13T16:00Z,2026-07-01,CDG,CPH,SAS,2026-07-01T09:30:00,2026-07-01T11:00:00,90,17855,EUR
2026-05-13T16:00Z,2026-06-01,CDG,CPH,Norwegian,2026-06-01T09:30:00,2026-06-01T11:00:00,90,15602,EUR
2026-05-13T16:00Z,2026-06-15,CDG,CPH,Norwegian,2026-06-15T09:30:00,2026-06-15T11:00:00,90,14408,EUR
2026-05-13T16:00Z,2026-07-01,CDG,CPH,Norwegian,2026-07-01T09:30:00,2026-07-01T11:00:00,90,14203,EUR
2026-05-13T16:00Z,2026-06-01,LHR,CPH,KLM,2026-06-01T09:30:00,2026-06-01T11:00:00,90,21635,EUR
2026-05-13T16:00Z,2026-06-15,LHR,CPH,KLM,2026-06-15T09:30:00,2026-06-15T11:00:00,90,21347,EUR
2026-05-13T16:00Z,2026-07-01,LHR,CPH,KLM,2026-07-01T09:30:00,2026-07-01T11:00:00,90,22220,EUR
2026-05-13T16:00Z,2026-06-01,LHR,CPH,SAS,2026-06-01T09:30:00,2026-06-01T11:00:00,90,18975,EUR
2026-05-13T16:00Z,2026-06-15,LHR,CPH,SAS,2026-06-15T09:30:00,2026-06-15T11:00:00,90,18892,EUR
2026-05-13T16:00Z,2026-07-01,LHR,CPH,SAS,2026-07-01T09:30:00,2026-07-01T11:00:00,90,19348,EUR
2026-05-13T16:00Z,2026-06-01,LHR,CPH,Norwegian,2026-06-01T09:30:00,2026-06-01T11:00:00,90,13460,EUR
2026-05-13T16:00Z,2026-06-15,LHR,CPH,Norwegian,2026-06-15T09:30:00,2026-06-15T11:00:00,90,14858,EUR
2026-05-13T16:00Z,2026-07-01,LHR,CPH,Norwegian,2026-07-01T09:30:00,2026-07-01T11:00:00,90,14058,EUR
2026-05-14T08:00Z,2026-06-01,AMS,CPH,KLM,2026-06-01T09:30:00,2026-06-01T11:00:00,90,23413,EUR
2026-05-14T08:00Z,2026-06-15,AMS,CPH,KLM,2026-06-15T09:30:00,2026-06-15T11:00:00,90,20524,EUR
2026-05-14T08:00Z,2026-07-01,AMS,CPH,KLM,2026-07-01T09:30:00,2026-07-01T11:00:00,90,21940,EUR
2026-05-14T08:00Z,2026-06-01,AMS,CPH,SAS,2026-06-01T09:30:00,2026-06-01T11:00:00,90,18683,EUR
2026-05-14T08:00Z,2026-06-15,AMS,CPH,SAS,2026-06-15T09:30:00,2026-06-15T11:00:00,90,18097,EUR
2026-05-14T08:00Z,2026-07-01,AMS,CPH,SAS,2026-07-01T09:30:00,2026-07-01T11:00:00,90,18216,EUR
2026-05-14T08:00Z,2026-06-01,AMS,CPH,Norwegian,2026-06-01T09:30:00,2026-06-01T11:00:00,90,15664,EUR
2026-05-14T08:00Z,2026-06-15,AMS,CPH,Norwegian,2026-06-15T09:30:00,2026-06-15T11:00:00,90,14736,EUR
2026-05-14T08:00Z,2026-07-01,AMS,CPH,Norwegian,2026-07-01T09:30:00,2026-07-01T11:00:00,90,14970,EUR
2026-05-14T08:00Z,2026-06-01,CDG,CPH,KLM,2026-06-01T09:30:00,2026-06-01T11:00:00,90,22363,EUR
2026-05-14T08:00Z,2026-06-15,CDG,CPH,KLM,2026-06-15T09:30:00,2026-06-15T11:00:00,90,22499,EUR
2026-05-14T08:00Z,2026-07-01,CDG,CPH,KLM,2026-07-01T09:30:00,2026-07-01T11:00:00,90,21398,EUR
2026-05-14T08:00Z,2026-06-01,CDG,CPH,SAS,2026-06-01T09:30:00,2026-06-01T11:00:00,90,18577,EUR
2026-05-14T08:00Z,2026-06-15,CDG,CPH,SAS,2026-06-15T09:30:00,2026-06-15T11:00:00,90,18285,EUR
2026-05-14T08:00Z,2026-07-01,CDG,CPH,SAS,2026-07-01T09:30:00,2026-07-01T11:00:00,90,18489,EUR
2026-05-14T08:00Z,2026-06-01,CDG,CPH,Norwegian,2026-06-01T09:30:00,2026-06-01T11:00:00,90,13578,EUR
2026-05-14T08:00Z,2026-06-15,CDG,CPH,Norwegian,2026-06-15T09:30:00,2026-06-15T11:00:00,90,14092,EUR
2026-05-14T08:00Z,2026-07-01,CDG,CPH,Norwegian,2026-07-01T09:30:00,2026-07-01T11:00:00,90,13876,EUR
2026-05-14T08:00Z,2026-06-01,LHR,CPH,KLM,2026-06-01T09:30:00,2026-06-01T11:00:00,90,24199,EUR
2026-05-14T08:00Z,2026-06-15,LHR,CPH,KLM,2026-06-15T09:30:00,2026-06-15T11:00:00,90,23281,EUR
2026-05-14T08:00Z,2026-07-01,LHR,CPH,KLM,2026-07-01T09:30:00,2026-07-01T11:00:00,90,22156,EUR
2026-05-14T08:00Z,2026-06-01,LHR,CPH,SAS,2026-06-01T09:30:00,2026-06-01T11:00:00,90,20426,EUR
2026-05-14T08:00Z,2026-06-15,LHR,CPH,SAS,2026-06-15T09:30:00,2026-06-15T11:00:00,90,17176,EUR
2026-05-14T08:00Z,2026-07-01,LHR,CPH,SAS,2026-07-01T09:30:00,2026-07-01T11:00:00,90,18414,EUR
2026-05-14T08:00Z,2026-06-01,LHR,CPH,Norwegian,2026-06-01T09:30:00,2026-06-01T11:00:00,90,13982,EUR
2026-05-14T08:00Z,2026-06-15,LHR,CPH,Norwegian,2026-06-15T09:30:00,2026-06-15T11:00:00,90,15048,EUR
2026-05-14T08:00Z,2026-07-01,LHR,CPH,Norwegian,2026-07-01T09:30:00,2026-07-01T11:00:00,90,14687,EUR
2026-05-14T16:00Z,2026-06-01,AMS,CPH,KLM,2026-06-01T09:30:00,2026-06-01T11:00:00,90,21570,EUR
2026-05-14T16:00Z,2026-06-15,AMS,CPH,KLM,2026-06-15T09:30:00,2026-06-15T11:00:00,90,22113,EUR
2026-05-14T16:00Z,2026-07-01,AMS,CPH,KLM,2026-07-01T09:30:00,2026-07-01T11:00:00,90,22924,EUR
2026-05-14T16:00Z,2026-06-01,AMS,CPH,SAS,2026-06-01T09:30:00,2026-06-01T11:00:00,90,19771,EUR
2026-05-14T16:00Z,2026-06-15,AMS,CPH,SAS,2026-06-15T09:30:00,2026-06-15T11:00:00,90,19215,EUR
2026-05-14T16:00Z,2026-07-01,AMS,CPH,SAS,2026-07-01T09:30:00,2026-07-01T11:00:00,90,16611,EUR
2026-05-14T16:00Z,2026-06-01,AMS,CPH,Norwegian,2026-06-01T09:30:00,2026-06-01T11:00:00,90,13803,EUR
2026-05-14T16:00Z,2026-06-15,AMS,CPH,Norwegian,2026-06-15T09:30:00,2026-06-15T11:00:00,90,15132,EUR
2026-05-14T16:00Z,2026-07-01,AMS,CPH,Norwegian,2026-07-01T09:30:00,2026-07-01T11:00:00,90,14255,EUR
2026-05-14T16:00Z,2026-06-01,CDG,CPH,KLM,2026-06-01T09:30:00,2026-06-01T11:00:00,90,22015,EUR
2026-05-14T16:00Z,2026-06-15,CDG,CPH,KLM,2026-06-15T09:30:00,2026-06-15T11:00:00,90,22391,EUR
2026-05-14T16:00Z,2026-07-01,CDG,CPH,KLM,2026-07-01T09:30:00,2026-07-01T11:00:00,90,21244,EUR
2026-05-14T16:00Z,2026-06-01,CDG,CPH,SAS,2026-06-01T09:30:00,2026-06-01T11:00:00,90,17665,EUR
2026-05-14T16:00Z,2026-06-15,CDG,CPH,SAS,2026-06-15T09:30:00,2026-06-15T11:00:00,90,17565,EUR
2026-05-14T16:00Z,2026-07-01,CDG,CPH,SAS,2026-07-01T09:30:00,2026-07-01T11:00:00,90,18052,EUR
2026-05-14T16:00Z,2026-06-01,CDG,CPH,Norwegian,2026-06-01T09:30:00,2026-06-01T11:00:00,90,14800,EUR
2026-05-14T16:00Z,2026-06-15,CDG,CPH,Norwegian,2026-06-15T09:30:00,2026-06-15T11:00:00,90,13366,EUR
2026-05-14T16:00Z,2026-07-01,CDG,CPH,Norwegian,2026-07-01T09:30:00,2026-07-01T11:00:00,90,14362,EUR
2026-05-14T16:00Z,2026-06-01,LHR,CPH,KLM,2026-06-01T09:30:00,2026-06-01T11:00:00,90,22798,EUR
2026-05-14T16:00Z,2026-06-15,LHR,CPH,KLM,2026-06-15T09:30:00,2026-06-15T11:00:00,90,21882,EUR
2026-05-14T16:00Z,2026-07-01,LHR,CPH,KLM,2026-07-01T09:30:00,2026-07-01T11:00:00,90,22052,EUR
2026-05-14T16:00Z,2026-06-01,LHR,CPH,SAS,2026-06-01T09:30:00,2026-06-01T11:00:00,90,18599,EUR
2026-05-14T16:00Z,2026-06-15,LHR,CPH,SAS,2026-06-15T09:30:00,2026-06-15T11:00:00,90,18226,EUR
2026-05-14T16:00Z,2026-07-01,LHR,CPH,SAS,2026-07-01T09:30:00,2026-07-01T11:00:00,90,17533,EUR
2026-05-14T16:00Z,2026-06-01,LHR,CPH,Norwegian,2026-06-01T09:30:00,2026-06-01T11:00:00,90,13795,EUR
2026-05-14T16:00Z,2026-06-15,LHR,CPH,Norwegian,2026-06-15T09:30:00,2026-06-15T11:00:00,90,14426,EUR
2026-05-14T16:00Z,2026-07-01,LHR,CPH,Norwegian,2026-07-01T09:30:00,2026-07-01T11:00:00,90,12579,EUR
2026-05-15T08:00Z,2026-06-01,AMS,CPH,KLM,2026-06-01T09:30:00,2026-06-01T11:00:00,90,23749,EUR
2026-05-15T08:00Z,2026-06-15,AMS,CPH,KLM,2026-06-15T09:30:00,2026-06-15T11:00:00,90,20713,EUR
2026-05-15T08:00Z,2026-07-01,AMS,CPH,KLM,2026-07-01T09:30:00,2026-07-01T11:00:00,90,21933,EUR
2026-05-15T08:00Z,2026-06-01,AMS,CPH,SAS,2026-06-01T09:30:00,2026-06-01T11:00:00,90,18458,EUR
2026-05-15T08:00Z,2026-06-15,AMS,CPH,SAS,2026-06-15T09:30:00,2026-06-15T11:00:00,90,19162,EUR
2026-05-15T08:00Z,2026-07-01,AMS,CPH,SAS,2026-07-01T09:30:00,2026-07-01T11:00:00,90,16781,EUR
2026-05-15T08:00Z,2026-06-01,AMS,CPH,Norwegian,2026-06-01T09:30:00,2026-06-01T11:00:00,90,12709,EUR
2026-05-15T08:00Z,2026-06-15,AMS,CPH,Norwegian,2026-06-15T09:30:00,2026-06-15T11:00:00,90,9164,EUR
2026-05-15T08:00Z,2026-07-01,AMS,CPH,Norwegian,2026-07-01T09:30:00,2026-07-01T11:00:00,90,9127,EUR
2026-05-15T08:00Z,2026-06-01,CDG,CPH,KLM,2026-06-01T09:30:00,2026-06-01T11:00:00,90,22552,EUR
2026-05-15T08:00Z,2026-06-15,CDG,CPH,KLM,2026-06-15T09:30:00,2026-06-15T11:00:00,90,21316,EUR
2026-05-15T08:00Z,2026-07-01,CDG,CPH,KLM,2026-07-01T09:30:00,2026-07-01T11:00:00,90,20583,EUR
2026-05-15T08:00Z,2026-06-01,CDG,CPH,SAS,2026-06-01T09:30:00,2026-06-01T11:00:00,90,20084,EUR
2026-05-15T08:00Z,2026-06-15,CDG,CPH,SAS,2026-06-15T09:30:00,2026-06-15T11:00:00,90,17124,EUR
2026-05-15T08:00Z,2026-07-01,CDG,CPH,SAS,2026-07-01T09:30:00,2026-07-01T11:00:00,90,17477,EUR
2026-05-15T08:00Z,2026-06-01,CDG,CPH,Norwegian,2026-06-01T09:30:00,2026-06-01T11:00:00,90,14057,EUR
2026-05-15T08:00Z,2026-06-15,CDG,CPH,Norwegian,2026-06-15T09:30:00,2026-06-15T11:00:00,90,14439,EUR
2026-05-15T08:00Z,2026-07-01,CDG,CPH,Norwegian,2026-07-01T09:30:00,2026-07-01T11:00:00,90,15242,EUR
2026-05-15T08:00Z,2026-06-01,LHR,CPH,KLM,2026-06-01T09:30:00,2026-06-01T11:00:00,90,22008,EUR
2026-05-15T08:00Z,2026-06-15,LHR,CPH,KLM,2026-06-15T09:30:00,2026-06-15T11:00:00,90,22810,EUR
2026-05-15T08:00Z,2026-07-01,LHR,CPH,KLM,2026-07-01T09:30:00,2026-07-01T11:00:00,90,21392,EUR
2026-05-15T08:00Z,2026-06-01,LHR,CPH,SAS,2026-06-01T09:30:00,2026-06-01T11:00:00,90,19444,EUR
2026-05-15T08:00Z,2026-06-15,LHR,CPH,SAS,2026-06-15T09:30:00,2026-06-15T11:00:00,90,19365,EUR
2026-05-15T08:00Z,2026-07-01,LHR,CPH,SAS,2026-07-01T09:30:00,2026-07-01T11:00:00,90,17549,EUR
2026-05-15T08:00Z,2026-06-01,LHR,CPH,Norwegian,2026-06-01T09:30:00,2026-06-01T11:00:00,90,15050,EUR
2026-05-15T08:00Z,2026-06-15,LHR,CPH,Norwegian,2026-06-15T09:30:00,2026-06-15T11:00:00,90,13187,EUR
2026-05-15T08:00Z,2026-07-01,LHR,CPH,Norwegian,2026-07-01T09:30:00,2026-07-01T11:00:00,90,14981,EUR
2026-05-15T16:00Z,2026-06-01,AMS,CPH,KLM,2026-06-01T09:30:00,2026-06-01T11:00:00,90,24027,EUR
2026-05-15T16:00Z,2026-06-15,AMS,CPH,KLM,2026-06-15T09:30:00,2026-06-15T11:00:00,90,23442,EUR
2026-05-15T16:00Z,2026-07-01,AMS,CPH,KLM,2026-07-01T09:30:00,2026-07-01T11:00:00,90,20969,EUR
2026-05-15T16:00Z,2026-06-01,AMS,CPH,SAS,2026-06-01T09:30:00,2026-06-01T11:00:00,90,18210,EUR
2026-05-15T16:00Z,2026-06-15,AMS,CPH,SAS,2026-06-15T09:30:00,2026-06-15T11:00:00,90,17774,EUR
2026-05-15T16:00Z,2026-07-01,AMS,CPH,SAS,2026-07-01T09:30:00,2026-07-01T11:00:00,90,16942,EUR
2026-05-15T16:00Z,2026-06-01,AMS,CPH,Norwegian,2026-06-01T09:30:00,2026-06-01T11:00:00,90,12410,EUR
2026-05-15T16:00Z,2026-06-15,AMS,CPH,Norwegian,2026-06-15T09:30:00,2026-06-15T11:00:00,90,9105,EUR
2026-05-15T16:00Z,2026-07-01,AMS,CPH,Norwegian,2026-07-01T09:30:00,2026-07-01T11:00:00,90,10277,EUR
2026-05-15T16:00Z,2026-06-01,CDG,CPH,KLM,2026-06-01T09:30:00,2026-06-01T11:00:00,90,23898,EUR
2026-05-15T16:00Z,2026-06-15,CDG,CPH,KLM,2026-06-15T09:30:00,2026-06-15T11:00:00,90,23274,EUR
2026-05-15T16:00Z,2026-07-01,CDG,CPH,KLM,2026-07-01T09:30:00,2026-07-01T11:00:00,90,22037,EUR
2026-05-15T16:00Z,2026-06-01,CDG,CPH,SAS,2026-06-01T09:30:00,2026-06-01T11:00:00,90,19164,EUR
2026-05-15T16:00Z,2026-06-15,CDG,CPH,SAS,2026-06-15T09:30:00,2026-06-15T11:00:00,90,19428,EUR
2026-05-15T16:00Z,2026-07-01,CDG,CPH,SAS,2026-07-01T09:30:00,2026-07-01T11:00:00,90,17312,EUR
2026-05-15T16:00Z,2026-06-01,CDG,CPH,Norwegian,2026-06-01T09:30:00,2026-06-01T11:00:00,90,13851,EUR
2026-05-15T16:00Z,2026-06-15,CDG,CPH,Norwegian,2026-06-15T09:30:00,2026-06-15T11:00:00,90,14925,EUR
2026-05-15T16:00Z,2026-07-01,CDG,CPH,Norwegian,2026-07-01T09:30:00,2026-07-01T11:00:00,90,15328,EUR
2026-05-15T16:00Z,2026-06-01,LHR,CPH,KLM,2026-06-01T09:30:00,2026-06-01T11:00:00,90,24109,EUR
2026-05-15T16:00Z,2026-06-15,LHR,CPH,KLM,2026-06-15T09:30:00,2026-06-15T11:00:00,90,21494,EUR
2026-05-15T16:00Z,2026-07-01,LHR,CPH,KLM,2026-07-01T09:30:00,2026-07-01T11:00:00,90,20917,EUR
2026-05-15T16:00Z,2026-06-01,LHR,CPH,SAS,2026-06-01T09:30:00,2026-06-01T11:00:00,90,20395,EUR
2026-05-15T16:00Z,2026-06-15,LHR,CPH,SAS,2026-06-15T09:30:00,2026-06-15T11:00:00,90,17735,EUR
2026-05-15T16:00Z,2026-07-01,LHR,CPH,SAS,2026-07-01T09:30:00,2026-07-01T11:00:00,90,19302,EUR
2026-05-15T16:00Z,2026-06-01,LHR,CPH,Norwegian,2026-06-01T09:30:00,2026-06-01T11:00:00,90,15999,EUR
2026-05-15T16:00Z,2026-06-15,LHR,CPH,Norwegian,2026-06-15T09:30:00,2026-06-15T11:00:00,90,12995,EUR
2026-05-15T16:00Z,2026-07-01,LHR,CPH,Norwegian,2026-07-01T09:30:00,2026-07-01T11:00:00,90,14818,EUR
2026-05-16T08:00Z,2026-06-01,AMS,CPH,KLM,2026-06-01T09:30:00,2026-06-01T11:00:00,90,21788,EUR
2026-05-16T08:00Z,2026-06-15,AMS,CPH,KLM,2026-06-15T09:30:00,2026-06-15T11:00:00,90,21922,EUR
2026-05-16T08:00Z,2026-07-01,AMS,CPH,KLM,2026-07-01T09:30:00,2026-07-01T11:00:00,90,22682,EUR
2026-05-16T08:00Z,2026-06-01,AMS,CPH,SAS,2026-06-01T09:30:00,2026-06-01T11:00:00,90,19374,EUR
2026-05-16T08:00Z,2026-06-15,AMS,CPH,SAS,2026-06-15T09:30:00,2026-06-15T11:00:00,90,19209,EUR
2026-05-16T08:00Z,2026-07-01,AMS,CPH,SAS,2026-07-01T09:30:00,2026-07-01T11:00:00,90,18017,EUR
2026-05-16T08:00Z,2026-06-01,AMS,CPH,Norwegian,2026-06-01T09:30:00,2026-06-01T11:00:00,90,13902,EUR
2026-05-16T08:00Z,2026-06-15,AMS,CPH,Norwegian,2026-06-15T09:30:00,2026-06-15T11:00:00,90,14572,EUR
2026-05-16T08:00Z,2026-07-01,AMS,CPH,Norwegian,2026-07-01T09:30:00,2026-07-01T11:00:00,90,15152,EUR
2026-05-16T08:00Z,2026-06-01,CDG,CPH,KLM,2026-06-01T09:30:00,2026-06-01T11:00:00,90,23017,EUR
2026-05-16T08:00Z,2026-06-15,CDG,CPH,KLM,2026-06-15T09:30:00,2026-06-15T11:00:00,90,20551,EUR
2026-05-16T08:00Z,2026-07-01,CDG,CPH,KLM,2026-07-01T09:30:00,2026-07-01T11:00:00,90,22220,EUR
2026-05-16T08:00Z,2026-06-01,CDG,CPH,SAS,2026-06-01T09:30:00,2026-06-01T11:00:00,90,19627,EUR
2026-05-16T08:00Z,2026-06-15,CDG,CPH,SAS,2026-06-15T09:30:00,2026-06-15T11:00:00,90,16932,EUR
2026-05-16T08:00Z,2026-07-01,CDG,CPH,SAS,2026-07-01T09:30:00,2026-07-01T11:00:00,90,18275,EUR
2026-05-16T08:00Z,2026-06-01,CDG,CPH,Norwegian,2026-06-01T09:30:00,2026-06-01T11:00:00,90,15103,EUR
2026-05-16T08:00Z,2026-06-15,CDG,CPH,Norwegian,2026-06-15T09:30:00,2026-06-15T11:00:00,90,15103,EUR
2026-05-16T08:00Z,2026-07-01,CDG,CPH,Norwegian,2026-07-01T09:30:00,2026-07-01T11:00:00,90,14383,EUR
2026-05-16T08:00Z,2026-06-01,LHR,CPH,KLM,2026-06-01T09:30:00,2026-06-01T11:00:00,90,24517,EUR
2026-05-16T08:00Z,2026-06-15,LHR,CPH,KLM,2026-06-15T09:30:00,2026-06-15T11:00:00,90,21126,EUR
2026-05-16T08:00Z,2026-07-01,LHR,CPH,KLM,2026-07-01T09:30:00,2026-07-01T11:00:00,90,22283,EUR
2026-05-16T08:00Z,2026-06-01,LHR,CPH,SAS,2026-06-01T09:30:00,2026-06-01T11:00:00,90,18341,EUR
2026-05-16T08:00Z,2026-06-15,LHR,CPH,SAS,2026-06-15T09:30:00,2026-06-15T11:00:00,90,18637,EUR
2026-05-16T08:00Z,2026-07-01,LHR,CPH,SAS,2026-07-01T09:30:00,2026-07-01T11:00:00,90,19164,EUR
2026-05-16T08:00Z,2026-06-01,LHR,CPH,Norwegian,2026-06-01T09:30:00,2026-06-01T11:00:00,90,14726,EUR
2026-05-16T08:00Z,2026-06-15,LHR,CPH,Norwegian,2026-06-15T09:30:00,2026-06-15T11:00:00,90,15022,EUR
2026-05-16T08:00Z,2026-07-01,LHR,CPH,Norwegian,2026-07-01T09:30:00,2026-07-01T11:00:00,90,14704,EUR
2026-05-16T16:00Z,2026-06-01,AMS,CPH,KLM,2026-06-01T09:30:00,2026-06-01T11:00:00,90,23600,EUR
2026-05-16T16:00Z,2026-06-15,AMS,CPH,KLM,2026-06-15T09:30:00,2026-06-15T11:00:00,90,22404,EUR
2026-05-16T16:00Z,2026-07-01,AMS,CPH,KLM,2026-07-01T09:30:00,2026-07-01T11:00:00,90,22284,EUR
2026-05-16T16:00Z,2026-06-01,AMS,CPH,SAS,2026-06-01T09:30:00,2026-06-01T11:00:00,90,20614,EUR
2026-05-16T16:00Z,2026-06-15,AMS,CPH,SAS,2026-06-15T09:30:00,2026-06-15T11:00:00,90,18926,EUR
2026-05-16T16:00Z,2026-07-01,AMS,CPH,SAS,2026-07-01T09:30:00,2026-07-01T11:00:00,90,17599,EUR
2026-05-16T16:00Z,2026-06-01,AMS,CPH,Norwegian,2026-06-01T09:30:00,2026-06-01T11:00:00,90,14940,EUR
2026-05-16T16:00Z,2026-06-15,AMS,CPH,Norwegian,2026-06-15T09:30:00,2026-06-15T11:00:00,90,13505,EUR
2026-05-16T16:00Z,2026-07-01,AMS,CPH,Norwegian,2026-07-01T09:30:00,2026-07-01T11:00:00,90,12854,EUR
2026-05-16T16:00Z,2026-06-01,CDG,CPH,KLM,2026-06-01T09:30:00,2026-06-01T11:00:00,90,22762,EUR
2026-05-16T16:00Z,2026-06-15,CDG,CPH,KLM,2026-06-15T09:30:00,2026-06-15T11:00:00,90,22346,EUR
2026-05-16T16:00Z,2026-07-01,CDG,CPH,KLM,2026-07-01T09:30:00,2026-07-01T11:00:00,90,21498,EUR
2026-05-16T16:00Z,2026-06-01,CDG,CPH,SAS,2026-06-01T09:30:00,2026-06-01T11:00:00,90,19523,EUR
2026-05-16T16:00Z,2026-06-15,CDG,CPH,SAS,2026-06-15T09:30:00,2026-06-15T11:00:00,90,18834,EUR
2026-05-16T16:00Z,2026-07-01,CDG,CPH,SAS,2026-07-01T09:30:00,2026-07-01T11:00:00,90,18999,EUR
2026-05-16T16:00Z,2026-06-01,CDG,CPH,Norwegian,2026-06-01T09:30:00,2026-06-01T11:00:00,90,16356,EUR
2026-05-16T16:00Z,2026-06-15,CDG,CPH,Norwegian,2026-06-15T09:30:00,2026-06-15T11:00:00,90,14052,EUR
2026-05-16T16:00Z,2026-07-01,CDG,CPH,Norwegian,2026-07-01T09:30:00,2026-07-01T11:00:00,90,13877,EUR
2026-05-16T16:00Z,2026-06-01,LHR,CPH,KLM,2026-06-01T09:30:00,2026-06-01T11:00:00,90,21737,EUR
2026-05-16T16:00Z,2026-06-15,LHR,CPH,KLM,2026-06-15T09:30:00,2026-06-15T11:00:00,90,22524,EUR
2026-05-16T16:00Z,2026-07-01,LHR,CPH,KLM,2026-07-01T09:30:00,2026-07-01T11:00:00,90,21831,EUR
2026-05-16T16:00Z,2026-06-01,LHR,CPH,SAS,2026-06-01T09:30:00,2026-06-01T11:00:00,90,18364,EUR
2026-05-16T16:00Z,2026-06-15,LHR,CPH,SAS,2026-06-15T09:30:00,2026-06-15T11:00:00,90,18497,EUR
2026-05-16T16:00Z,2026-07-01,LHR,CPH,SAS,2026-07-01T09:30:00,2026-07-01T11:00:00,90,17368,EUR
2026-05-16T16:00Z,2026-06-01,LHR,CPH,Norwegian,2026-06-01T09:30:00,2026-06-01T11:00:00,90,15073,EUR
2026-05-16T16:00Z,2026-06-15,LHR,CPH,Norwegian,2026-06-15T09:30:00,2026-06-15T11:00:00,90,13558,EUR
2026-05-16T16:00Z,2026-07-01,LHR,CPH,Norwegian,2026-07-01T09:30:00,2026-07-01T11:00:00,90,13894,EUR
2026-05-17T08:00Z,2026-06-01,AMS,CPH,KLM,2026-06-01T09:30:00,2026-06-01T11:00:00,90,22845,EUR
2026-05-17T08:00Z,2026-06-15,AMS,CPH,KLM,2026-06-15T09:30:00,2026-06-15T11:00:00,90,23021,EUR
2026-05-17T08:00Z,2026-07-01,AMS,CPH,KLM,2026-07-01T09:30:00,2026-07-01T11:00:00,90,23372,EUR
2026-05-17T08:00Z,2026-06-01,AMS,CPH,SAS,2026-06-01T09:30:00,2026-06-01T11:00:00,90,18831,EUR
2026-05-17T08:00Z,2026-06-15,AMS,CPH,SAS,2026-06-15T09:30:00,2026-06-15T11:00:00,90,18856,EUR
2026-05-17T08:00Z,2026-07-01,AMS,CPH,SAS,2026-07-01T09:30:00,2026-07-01T11:00:00,90,16541,EUR
2026-05-17T08:00Z,2026-06-01,AMS,CPH,Norwegian,2026-06-01T09:30:00,2026-06-01T11:00:00,90,15816,EUR
2026-05-17T08:00Z,2026-06-15,AMS,CPH,Norwegian,2026-06-15T09:30:00,2026-06-15T11:00:00,90,13362,EUR
2026-05-17T08:00Z,2026-07-01,AMS,CPH,Norwegian,2026-07-01T09:30:00,2026-07-01T11:00:00,90,12850,EUR
2026-05-17T08:00Z,2026-06-01,CDG,CPH,KLM,2026-06-01T09:30:00,2026-06-01T11:00:00,90,22688,EUR
2026-05-17T08:00Z,2026-06-15,CDG,CPH,KLM,2026-06-15T09:30:00,2026-06-15T11:00:00,90,23529,EUR
2026-05-17T08:00Z,2026-07-01,CDG,CPH,KLM,2026-07-01T09:30:00,2026-07-01T11:00:00,90,22164,EUR
2026-05-17T08:00Z,2026-06-01,CDG,CPH,SAS,2026-06-01T09:30:00,2026-06-01T11:00:00,90,19701,EUR
2026-05-17T08:00Z,2026-06-15,CDG,CPH,SAS,2026-06-15T09:30:00,2026-06-15T11:00:00,90,18854,EUR
2026-05-17T08:00Z,2026-07-01,CDG,CPH,SAS,2026-07-01T09:30:00,2026-07-01T11:00:00,90,17484,EUR
2026-05-17T08:00Z,2026-06-01,CDG,CPH,Norwegian,2026-06-01T09:30:00,2026-06-01T11:00:00,90,16528,EUR
2026-05-17T08:00Z,2026-06-15,CDG,CPH,Norwegian,2026-06-15T09:30:00,2026-06-15T11:00:00,90,14530,EUR
2026-05-17T08:00Z,2026-07-01,CDG,CPH,Norwegian,2026-07-01T09:30:00,2026-07-01T11:00:00,90,15145,EUR
2026-05-17T08:00Z,2026-06-01,LHR,CPH,KLM,2026-06-01T09:30:00,2026-06-01T11:00:00,90,24615,EUR
2026-05-17T08:00Z,2026-06-15,LHR,CPH,KLM,2026-06-15T09:30:00,2026-06-15T11:00:00,90,22590,EUR
2026-05-17T08:00Z,2026-07-01,LHR,CPH,KLM,2026-07-01T09:30:00,2026-07-01T11:00:00,90,22335,EUR
2026-05-17T08:00Z,2026-06-01,LHR,CPH,SAS,2026-06-01T09:30:00,2026-06-01T11:00:00,90,17770,EUR
2026-05-17T08:00Z,2026-06-15,LHR,CPH,SAS,2026-06-15T09:30:00,2026-06-15T11:00:00,90,16961,EUR
2026-05-17T08:00Z,2026-07-01,LHR,CPH,SAS,2026-07-01T09:30:00,2026-07-01T11:00:00,90,17705,EUR
2026-05-17T08:00Z,2026-06-01,LHR,CPH,Norwegian,2026-06-01T09:30:00,2026-06-01T11:00:00,90,14607,EUR
2026-05-17T08:00Z,2026-06-15,LHR,CPH,Norwegian,2026-06-15T09:30:00,2026-06-15T11:00:00,90,14236,EUR
2026-05-17T08:00Z,2026-07-01,LHR,CPH,Norwegian,2026-07-01T09:30:00,2026-07-01T11:00:00,90,15333,EUR
2026-05-17T16:00Z,2026-06-01,AMS,CPH,KLM,2026-06-01T09:30:00,2026-06-01T11:00:00,90,22696,EUR
2026-05-17T16:00Z,2026-06-15,AMS,CPH,KLM,2026-06-15T09:30:00,2026-06-15T11:00:00,90,21834,EUR
2026-05-17T16:00Z,2026-07-01,AMS,CPH,KLM,2026-07-01T09:30:00,2026-07-01T11:00:00,90,23219,EUR
2026-05-17T16:00Z,2026-06-01,AMS,CPH,SAS,2026-06-01T09:30:00,2026-06-01T11:00:00,90,20082,EUR
2026-05-17T16:00Z,2026-06-15,AMS,CPH,SAS,2026-06-15T09:30:00,2026-06-15T11:00:00,90,18091,EUR
2026-05-17T16:00Z,2026-07-01,AMS,CPH,SAS,2026-07-01T09:30:00,2026-07-01T11:00:00,90,18438,EUR
2026-05-17T16:00Z,2026-06-01,AMS,CPH,Norwegian,2026-06-01T09:30:00,2026-06-01T11:00:00,90,15967,EUR
2026-05-17T16:00Z,2026-06-15,AMS,CPH,Norwegian,2026-06-15T09:30:00,2026-06-15T11:00:00,90,14754,EUR
2026-05-17T16:00Z,2026-07-01,AMS,CPH,Norwegian,2026-07-01T09:30:00,2026-07-01T11:00:00,90,13908,EUR
2026-05-17T16:00Z,2026-06-01,CDG,CPH,KLM,2026-06-01T09:30:00,2026-06-01T11:00:00,90,23442,EUR
2026-05-17T16:00Z,2026-06-15,CDG,CPH,KLM,2026-06-15T09:30:00,2026-06-15T11:00:00,90,22834,EUR
2026-05-17T16:00Z,2026-07-01,CDG,CPH,KLM,2026-07-01T09:30:00,2026-07-01T11:00:00,90,21854,EUR
2026-05-17T16:00Z,2026-06-01,CDG,CPH,SAS,2026-06-01T09:30:00,2026-06-01T11:00:00,90,19141,EUR
2026-05-17T16:00Z,2026-06-15,CDG,CPH,SAS,2026-06-15T09:30:00,2026-06-15T11:00:00,90,19458,EUR
2026-05-17T16:00Z,2026-07-01,CDG,CPH,SAS,2026-07-01T09:30:00,2026-07-01T11:00:00,90,18358,EUR
2026-05-17T16:00Z,2026-06-01,CDG,CPH,Norwegian,2026-06-01T09:30:00,2026-06-01T11:00:00,90,14809,EUR
2026-05-17T16:00Z,2026-06-15,CDG,CPH,Norwegian,2026-06-15T09:30:00,2026-06-15T11:00:00,90,13835,EUR
2026-05-17T16:00Z,2026-07-01,CDG,CPH,Norwegian,2026-07-01T09:30:00,2026-07-01T11:00:00,90,13529,EUR
2026-05-17T16:00Z,2026-06-01,LHR,CPH,KLM,2026-06-01T09:30:00,2026-06-01T11:00:00,90,22644,EUR
2026-05-17T16:00Z,2026-06-15,LHR,CPH,KLM,2026-06-15T09:30:00,2026-06-15T11:00:00,90,21074,EUR
2026-05-17T16:00Z,2026-07-01,LHR,CPH,KLM,2026-07-01T09:30:00,2026-07-01T11:00:00,90,23454,EUR
2026-05-17T16:00Z,2026-06-01,LHR,CPH,SAS,2026-06-01T09:30:00,2026-06-01T11:00:00,90,18488,EUR
2026-05-17T16:00Z,2026-06-15,LHR,CPH,SAS,2026-06-15T09:30:00,2026-06-15T11:00:00,90,17872,EUR
2026-05-17T16:00Z,2026-07-01,LHR,CPH,SAS,2026-07-01T09:30:00,2026-07-01T11:00:00,90,16989,EUR
2026-05-17T16:00Z,2026-06-01,LHR,CPH,Norwegian,2026-06-01T09:30:00,2026-06-01T11:00:00,90,15894,EUR
2026-05-17T16:00Z,2026-06-15,LHR,CPH,Norwegian,2026-06-15T09:30:00,2026-06-15T11:00:00,90,15406,EUR
2026-05-17T16:00Z,2026-07-01,LHR,CPH,Norwegian,2026-07-01T09:30:00,2026-07-01T11:00:00,90,13258,EUR
2026-05-18T08:00Z,2026-06-01,AMS,CPH,KLM,2026-06-01T09:30:00,2026-06-01T11:00:00,90,22564,EUR
2026-05-18T08:00Z,2026-06-15,AMS,CPH,KLM,2026-06-15T09:30:00,2026-06-15T11:00:00,90,21546,EUR
2026-05-18T08:00Z,2026-07-01,AMS,CPH,KLM,2026-07-01T09:30:00,2026-07-01T11:00:00,90,22483,EUR
2026-05-18T08:00Z,2026-06-01,AMS,CPH,SAS,2026-06-01T09:30:00,2026-06-01T11:00:00,90,18912,EUR
2026-05-18T08:00Z,2026-06-15,AMS,CPH,SAS,2026-06-15T09:30:00,2026-06-15T11:00:00,90,19627,EUR
2026-05-18T08:00Z,2026-07-01,AMS,CPH,SAS,2026-07-01T09:30:00,2026-07-01T11:00:00,90,18914,EUR
2026-05-18T08:00Z,2026-06-01,AMS,CPH,Norwegian,2026-06-01T09:30:00,2026-06-01T11:00:00,90,15928,EUR
2026-05-18T08:00Z,2026-06-15,AMS,CPH,Norwegian,2026-06-15T09:30:00,2026-06-15T11:00:00,90,15104,EUR
2026-05-18T08:00Z,2026-07-01,AMS,CPH,Norwegian,2026-07-01T09:30:00,2026-07-01T11:00:00,90,13659,EUR
2026-05-18T08:00Z,2026-06-01,CDG,CPH,KLM,2026-06-01T09:30:00,2026-06-01T11:00:00,90,22191,EUR
2026-05-18T08:00Z,2026-06-15,CDG,CPH,KLM,2026-06-15T09:30:00,2026-06-15T11:00:00,90,21455,EUR
2026-05-18T08:00Z,2026-07-01,CDG,CPH,KLM,2026-07-01T09:30:00,2026-07-01T11:00:00,90,21713,EUR
2026-05-18T08:00Z,2026-06-01,CDG,CPH,SAS,2026-06-01T09:30:00,2026-06-01T11:00:00,90,18711,EUR
2026-05-18T08:00Z,2026-06-15,CDG,CPH,SAS,2026-06-15T09:30:00,2026-06-15T11:00:00,90,18138,EUR
2026-05-18T08:00Z,2026-07-01,CDG,CPH,SAS,2026-07-01T09:30:00,2026-07-01T11:00:00,90,17234,EUR
2026-05-18T08:00Z,2026-06-01,CDG,CPH,Norwegian,2026-06-01T09:30:00,2026-06-01T11:00:00,90,15018,EUR
2026-05-18T08:00Z,2026-06-15,CDG,CPH,Norwegian,2026-06-15T09:30:00,2026-06-15T11:00:00,90,12717,EUR
2026-05-18T08:00Z,2026-07-01,CDG,CPH,Norwegian,2026-07-01T09:30:00,2026-07-01T11:00:00,90,15400,EUR
2026-05-18T08:00Z,2026-06-01,LHR,CPH,KLM,2026-06-01T09:30:00,2026-06-01T11:00:00,90,23967,EUR
2026-05-18T08:00Z,2026-06-15,LHR,CPH,KLM,2026-06-15T09:30:00,2026-06-15T11:00:00,90,21178,EUR
2026-05-18T08:00Z,2026-07-01,LHR,CPH,KLM,2026-07-01T09:30:00,2026-07-01T11:00:00,90,21623,EUR
2026-05-18T08:00Z,2026-06-01,LHR,CPH,SAS,2026-06-01T09:30:00,2026-06-01T11:00:00,90,17966,EUR
2026-05-18T08:00Z,2026-06-15,LHR,CPH,SAS,2026-06-15T09:30:00,2026-06-15T11:00:00,90,16883,EUR
2026-05-18T08:00Z,2026-07-01,LHR,CPH,SAS,2026-07-01T09:30:00,2026-07-01T11:00:00,90,18766,EUR
2026-05-18T08:00Z,2026-06-01,LHR,CPH,Norwegian,2026-06-01T09:30:00,2026-06-01T11:00:00,90,14976,EUR
2026-05-18T08:00Z,2026-06-15,LHR,CPH,Norwegian,2026-06-15T09:30:00,2026-06-15T11:00:00,90,15516,EUR
2026-05-18T08:00Z,2026-07-01,LHR,CPH,Norwegian,2026-07-01T09:30:00,2026-07-01T11:00:00,90,13017,EUR
2026-05-18T16:00Z,2026-06-01,AMS,CPH,KLM,2026-06-01T09:30:00,2026-06-01T11:00:00,90,24392,EUR
2026-05-18T16:00Z,2026-06-15,AMS,CPH,KLM,2026-06-15T09:30:00,2026-06-15T11:00:00,90,22670,EUR
2026-05-18T16:00Z,2026-07-01,AMS,CPH,KLM,2026-07-01T09:30:00,2026-07-01T11:00:00,90,20920,EUR
2026-05-18T16:00Z,2026-06-01,AMS,CPH,SAS,2026-06-01T09:30:00,2026-06-01T11:00:00,90,17830,EUR
2026-05-18T16:00Z,2026-06-15,AMS,CPH,SAS,2026-06-15T09:30:00,2026-06-15T11:00:00,90,19011,EUR
2026-05-18T16:00Z,2026-07-01,AMS,CPH,SAS,2026-07-01T09:30:00,2026-07-01T11:00:00,90,17664,EUR
2026-05-18T16:00Z,2026-06-01,AMS,CPH,Norwegian,2026-06-01T09:30:00,2026-06-01T11:00:00,90,15702,EUR
2026-05-18T16:00Z,2026-06-15,AMS,CPH,Norwegian,2026-06-15T09:30:00,2026-06-15T11:00:00,90,14620,EUR
2026-05-18T16:00Z,2026-07-01,AMS,CPH,Norwegian,2026-07-01T09:30:00,2026-07-01T11:00:00,90,14304,EUR
2026-05-18T16:00Z,2026-06-01,CDG,CPH,KLM,2026-06-01T09:30:00,2026-06-01T11:00:00,90,23175,EUR
2026-05-18T16:00Z,2026-06-15,CDG,CPH,KLM,2026-06-15T09:30:00,2026-06-15T11:00:00,90,21415,EUR
2026-05-18T16:00Z,2026-07-01,CDG,CPH,KLM,2026-07-01T09:30:00,2026-07-01T11:00:00,90,20710,EUR
2026-05-18T16:00Z,2026-06-01,CDG,CPH,SAS,2026-06-01T09:30:00,2026-06-01T11:00:00,90,18814,EUR
2026-05-18T16:00Z,2026-06-15,CDG,CPH,SAS,2026-06-15T09:30:00,2026-06-15T11:00:00,90,18616,EUR
2026-05-18T16:00Z,2026-07-01,CDG,CPH,SAS,2026-07-01T09:30:00,2026-07-01T11:00:00,90,16967,EUR
2026-05-18T16:00Z,2026-06-01,CDG,CPH,Norwegian,2026-06-01T09:30:00,2026-06-01T11:00:00,90,14047,EUR
2026-05-18T16:00Z,2026-06-15,CDG,CPH,Norwegian,2026-06-15T09:30:00,2026-06-15T11:00:00,90,14301,EUR
2026-05-18T16:00Z,2026-07-01,CDG,CPH,Norwegian,2026-07-01T09:30:00,2026-07-01T11:00:00,90,14514,EUR
2026-05-18T16:00Z,2026-06-01,LHR,CPH,KLM,2026-06-01T09:30:00,2026-06-01T11:00:00,90,22083,EUR
2026-05-18T16:00Z,2026-06-15,LHR,CPH,KLM,2026-06-15T09:30:00,2026-06-15T11:00:00,90,23023,EUR
2026-05-18T16:00Z,2026-07-01,LHR,CPH,KLM,2026-07-01T09:30:00,2026-07-01T11:00:00,90,23078,EUR
2026-05-18T16:00Z,2026-06-01,LHR,CPH,SAS,2026-06-01T09:30:00,2026-06-01T11:00:00,90,20591,EUR
2026-05-18T16:00Z,2026-06-15,LHR,CPH,SAS,2026-06-15T09:30:00,2026-06-15T11:00:00,90,16879,EUR
2026-05-18T16:00Z,2026-07-01,LHR,CPH,SAS,2026-07-01T09:30:00,2026-07-01T11:00:00,90,17121,EUR
2026-05-18T16:00Z,2026-06-01,LHR,CPH,Norwegian,2026-06-01T09:30:00,2026-06-01T11:00:00,90,14391,EUR
2026-05-18T16:00Z,2026-06-15,LHR,CPH,Norwegian,2026-06-15T09:30:00,2026-06-15T11:00:00,90,14965,EUR
2026-05-18T16:00Z,2026-07-01,LHR,CPH,Norwegian,2026-07-01T09:30:00,2026-07-01T11:00:00,90,13744,EUR
